,number,value,datetime_start,datetime_complete,duration,params_batch_size,params_buffer_size,params_ent_coef,params_gamma,params_learning_starts,params_log_std_init,params_lr,params_net_arch,params_tau,params_train_freq,state
0,0,72.4603458,2021-03-18 00:27:57.197162,2021-03-18 00:47:33.839956,0 days 00:19:36.642794000,512,100000,auto,0.98,20000,0.883655835329975,2.6036600466560744e-05,medium,0.005,128,COMPLETE
1,1,,2021-03-18 00:27:57.199515,2021-03-18 01:05:15.187656,0 days 00:37:17.988141000,2048,1000000,auto,0.99,20000,-3.531349575857865,0.06185912894564156,big,0.001,16,FAIL
2,2,-399.9104628,2021-03-18 00:47:33.842253,2021-03-18 01:10:07.609273,0 days 00:22:33.767020000,1024,100000,auto,0.9999,20000,-1.2550370104894055,0.305827028732254,medium,0.01,16,COMPLETE
3,3,-2.723294,2021-03-18 01:05:15.188931,2021-03-18 01:34:03.313823,0 days 00:28:48.124892000,1024,10000,auto,0.9999,20000,-0.1825492199964045,0.0011341953431587707,big,0.01,128,COMPLETE
4,4,931.9768244,2021-03-18 01:10:07.611239,2021-03-18 01:31:26.566992,0 days 00:21:18.955753000,256,10000,auto,0.9999,10000,0.6608388802363212,0.0031893405974359875,medium,0.02,256,COMPLETE
5,5,236.31795580000002,2021-03-18 01:31:26.570767,2021-03-18 02:05:23.854428,0 days 00:33:57.283661000,1024,100000,auto,0.999,0,-2.7100984229844274,7.460077569281999e-05,big,0.02,512,COMPLETE
6,6,-399.85647359999996,2021-03-18 01:34:03.315556,2021-03-18 02:05:15.351647,0 days 00:31:12.036091000,2048,100000,auto,0.999,0,0.19491074238731265,0.1023999367825853,medium,0.005,64,COMPLETE
7,7,939.3125926,2021-03-18 02:05:15.353577,2021-03-18 02:36:49.784972,0 days 00:31:34.431395000,2048,10000,auto,0.995,1000,-0.9357552512204861,0.002348671118255748,medium,0.01,256,COMPLETE
8,8,-0.07859340000000001,2021-03-18 02:05:23.855891,2021-03-18 02:27:52.066227,0 days 00:22:28.210336000,256,100000,auto,0.99,1000,-2.96472786640039,2.514061086958459e-05,medium,0.01,256,COMPLETE
9,9,-399.8800284,2021-03-18 02:27:52.068217,2021-03-18 02:48:27.354731,0 days 00:20:35.286514000,256,100000,auto,0.995,10000,-3.130622662768661,0.2708259848022556,medium,0.02,128,COMPLETE
10,10,,2021-03-18 02:36:49.786940,2021-03-18 03:10:19.309947,0 days 00:33:29.523007000,1024,1000000,auto,0.999,1000,-3.1354758149907593,0.0765149352465365,big,0.01,16,FAIL
11,11,-399.912633,2021-03-18 02:48:27.356751,2021-03-18 03:14:55.534614,0 days 00:26:28.177863000,512,1000000,auto,0.9999,0,-0.08297390178030861,0.0683064500473921,medium,0.005,32,COMPLETE
12,12,235.5872132,2021-03-18 03:10:19.311245,2021-03-18 03:36:20.443459,0 days 00:26:01.132214000,2048,10000,auto,0.98,10000,-3.6993678109671846,7.913637119764078e-05,medium,0.02,32,COMPLETE
13,13,-80.66189979999999,2021-03-18 03:14:55.536582,2021-03-18 04:02:44.622045,0 days 00:47:49.085463000,2048,10000,auto,0.995,1000,-1.466234000511594,0.004562175221603568,big,0.001,8,COMPLETE
14,14,-0.04518,2021-03-18 03:36:20.445413,2021-03-18 03:58:00.877711,0 days 00:21:40.432298000,256,10000,auto,0.995,1000,-1.411471345675868,0.005664289183917369,medium,0.001,256,COMPLETE
15,15,-1.0030882,2021-03-18 03:58:00.879709,2021-03-18 04:28:42.109049,0 days 00:30:41.229340000,2048,10000,auto,0.995,1000,0.9760184494288678,0.0022512057653409187,medium,0.001,8,COMPLETE
16,16,249.76327120000002,2021-03-18 04:02:44.624165,2021-03-18 04:31:10.938988,0 days 00:28:26.314823000,2048,10000,auto,0.9999,10000,0.7573647090913029,0.000637971623551687,medium,0.01,256,COMPLETE
17,17,5.3511556,2021-03-18 04:28:42.111167,2021-03-18 04:48:57.887385,0 days 00:20:15.776218000,256,1000000,auto,0.9999,10000,-0.7182154328810837,0.0004890952871321929,medium,0.02,256,COMPLETE
18,18,-2.4703733999999997,2021-03-18 04:31:10.940964,2021-03-18 04:35:47.713678,0 days 00:04:36.772714000,256,1000000,auto,0.99,10000,-0.7981088431017815,0.024023613870496962,medium,0.02,256,PRUNED
19,19,815.081678,2021-03-18 04:35:47.717157,2021-03-18 05:03:25.866514,0 days 00:27:38.149357000,256,10000,auto,0.995,1000,-2.291141417972465,0.00024198655712762788,big,0.01,256,COMPLETE
20,20,5.7809498,2021-03-18 04:48:57.889410,2021-03-18 05:22:06.428707,0 days 00:33:08.539297000,512,10000,auto,0.995,1000,-2.452938061098483,0.015631150989244263,big,0.01,256,COMPLETE
21,21,-0.01149180000000003,2021-03-18 05:03:25.871166,2021-03-18 05:16:51.609118,0 days 00:13:25.737952000,512,10000,auto,0.9999,1000,-2.2793209609675307,0.012198761440923987,medium,0.01,64,PRUNED
22,22,-0.8755102000000001,2021-03-18 05:16:51.610423,2021-03-18 05:23:35.205964,0 days 00:06:43.595541000,2048,10000,auto,0.999,10000,0.4140137114698015,0.024443895701351918,medium,0.02,16,PRUNED
23,23,731.2553756,2021-03-18 05:22:06.430735,2021-03-18 05:49:58.297850,0 days 00:27:51.867115000,2048,10000,auto,0.999,10000,0.378407434386872,0.00020066870756835778,medium,0.02,512,COMPLETE
24,24,406.49445099999997,2021-03-18 05:23:35.207318,2021-03-18 05:51:50.457929,0 days 00:28:15.250611000,256,10000,auto,0.995,1000,-2.0585940555448197,0.00022941086003249014,big,0.01,256,COMPLETE
25,25,-0.22920220000000002,2021-03-18 05:49:58.300845,2021-03-18 06:13:13.553254,0 days 00:23:15.252409000,256,10000,auto,0.995,1000,-2.159303322424198,0.0014858079716373567,big,0.01,256,PRUNED
26,26,-0.061057600000000004,2021-03-18 05:51:50.459905,2021-03-18 06:20:41.873727,0 days 00:28:51.413822000,256,10000,auto,0.995,1000,-1.901035459275937,0.0017954488228416326,big,0.01,256,COMPLETE
27,27,-0.343743,2021-03-18 06:13:13.554564,2021-03-18 06:23:41.377650,0 days 00:10:27.823086000,256,10000,auto,0.995,1000,-1.7924752066040517,0.0038557662773453945,big,0.01,256,PRUNED
28,28,604.9471820000001,2021-03-18 06:20:41.876139,2021-03-18 06:47:51.944321,0 days 00:27:10.068182000,256,10000,auto,0.98,1000,-0.7974239685900975,0.00033508159916846976,big,0.01,256,COMPLETE
29,29,0.2330996,2021-03-18 06:23:41.378460,2021-03-18 06:51:57.915993,0 days 00:28:16.537533000,256,10000,auto,0.98,1000,-0.8362993141943107,0.0004061646783011128,big,0.01,256,COMPLETE
30,30,0.2859151999999999,2021-03-18 06:47:51.948304,2021-03-18 07:17:07.692037,0 days 00:29:15.743733000,256,1000000,auto,0.99,0,-3.5407410261370096,0.00012728808799827322,big,0.01,16,COMPLETE
31,31,30.487816600000002,2021-03-18 06:51:57.918120,2021-03-18 07:21:08.051682,0 days 00:29:10.133562000,2048,1000000,auto,0.99,10000,-3.593026306841033,7.505859210401744e-05,medium,0.02,64,COMPLETE
32,32,-1.3418324,2021-03-18 07:17:07.694022,2021-03-18 07:20:06.506657,0 days 00:02:58.812635000,2048,10000,auto,0.995,20000,-0.23623544614308611,1.3847251076920607e-05,medium,0.005,8,PRUNED
33,33,956.1625338000001,2021-03-18 07:20:06.508419,2021-03-18 07:47:20.097790,0 days 00:27:13.589371000,1024,10000,auto,0.9999,10000,-2.69816200898529,0.00869939224615729,medium,0.02,32,COMPLETE
34,34,-0.07683199999999998,2021-03-18 07:21:08.053335,2021-03-18 07:48:13.457047,0 days 00:27:05.403712000,2048,10000,auto,0.999,10000,0.6293165675412742,0.00016028065926567938,medium,0.02,512,COMPLETE
35,35,-297.590068,2021-03-18 07:47:20.100164,2021-03-18 08:13:04.519646,0 days 00:25:44.419482000,1024,10000,auto,0.9999,10000,-2.616708514677857,0.008788317924864628,medium,0.02,32,COMPLETE
36,36,669.9519076,2021-03-18 07:48:13.458796,2021-03-18 08:10:45.022212,0 days 00:22:31.563416000,1024,10000,auto,0.9999,20000,-2.5998910919764793,0.00847068274184994,medium,0.02,32,COMPLETE
37,37,873.7387454,2021-03-18 08:10:45.024314,2021-03-18 08:36:10.126770,0 days 00:25:25.102456000,1024,10000,auto,0.9999,10000,-2.8806754691799417,0.000817504625315091,medium,0.02,32,COMPLETE
38,38,632.766535,2021-03-18 08:13:04.521743,2021-03-18 08:38:38.211108,0 days 00:25:33.689365000,1024,10000,auto,0.9999,10000,-3.030996527723476,0.0009353185078241655,medium,0.005,128,COMPLETE
39,39,458.17044139999996,2021-03-18 08:36:10.128609,2021-03-18 09:01:40.927414,0 days 00:25:30.798805000,1024,100000,auto,0.9999,10000,-3.9687943826830194,0.001042043949791244,medium,0.02,32,COMPLETE
40,40,,2021-03-18 08:38:38.213202,2021-03-18 08:44:44.666759,0 days 00:06:06.453557000,1024,100000,auto,0.9999,10000,-3.3001025271481024,0.055459184482555345,medium,0.02,32,PRUNED
41,41,542.221563,2021-03-18 08:44:44.670170,2021-03-18 09:11:09.011629,0 days 00:26:24.341459000,1024,10000,auto,0.9999,10000,-1.1563739342972128,0.0024923010055324015,medium,0.02,32,COMPLETE
42,42,-1.4771519999999998,2021-03-18 09:01:40.929445,2021-03-18 09:07:08.823187,0 days 00:05:27.893742000,1024,10000,auto,0.9999,10000,-2.8677183240268187,0.002765403945687114,medium,0.02,32,PRUNED
43,43,,2021-03-18 09:07:08.826849,2021-03-18 09:19:16.017396,0 days 00:12:07.190547000,1024,10000,auto,0.9999,20000,-0.37832374623677123,0.04023078298383299,medium,0.02,32,PRUNED
44,44,-0.0934424,2021-03-18 09:11:09.013817,2021-03-18 09:13:18.691719,0 days 00:02:09.677902000,1024,10000,auto,0.9999,20000,-3.292165454968555,0.0009723465722670431,medium,0.02,32,PRUNED
45,45,-0.6708298,2021-03-18 09:13:18.693023,2021-03-18 09:34:23.321703,0 days 00:21:04.628680000,1024,10000,auto,0.9999,0,-1.6679765593613434,0.00548134704258789,medium,0.001,128,PRUNED
46,46,-0.0462844,2021-03-18 09:19:16.018478,2021-03-18 09:46:46.498407,0 days 00:27:30.479929000,1024,10000,auto,0.995,10000,-2.3990451734220324,0.005698895349287456,medium,0.001,128,COMPLETE
47,47,713.1420828,2021-03-18 09:34:23.322881,2021-03-18 09:57:13.705780,0 days 00:22:50.382899000,512,10000,auto,0.995,10000,-2.9095845845082944,0.0006455658517972933,medium,0.01,256,COMPLETE
48,48,-399.91286840000004,2021-03-18 09:46:46.501835,2021-03-18 09:54:47.993798,0 days 00:08:01.491963000,512,10000,auto,0.995,1000,-2.783896477923973,0.7551554532230026,medium,0.01,256,PRUNED
49,49,-0.0097826,2021-03-18 09:54:47.997158,2021-03-18 09:59:48.827149,0 days 00:05:00.829991000,256,100000,auto,0.98,10000,-3.1929412812484497,3.5220820498640064e-05,big,0.005,256,PRUNED
50,50,0.9020166,2021-03-18 09:57:13.707436,2021-03-18 10:05:14.538501,0 days 00:08:00.831065000,256,100000,auto,0.98,0,-1.1780862970160932,4.1490919040427295e-05,big,0.005,16,PRUNED
51,51,928.8653099999999,2021-03-18 09:59:48.828579,2021-03-18 10:22:45.674334,0 days 00:22:56.845755000,256,10000,auto,0.9999,0,-2.132168356323411,0.0015667912946188483,medium,0.02,16,COMPLETE
52,52,-0.4575028,2021-03-18 10:05:14.539714,2021-03-18 10:13:04.632188,0 days 00:07:50.092474000,1024,10000,auto,0.9999,1000,-2.143436121606114,0.0013732170098508913,medium,0.02,8,PRUNED
53,53,-399.8810484,2021-03-18 10:13:04.633373,2021-03-18 10:18:58.177954,0 days 00:05:53.544581000,2048,10000,auto,0.9999,10000,-2.4488286003028428,0.16483961498340494,medium,0.02,64,PRUNED
54,54,-0.7421686000000001,2021-03-18 10:18:58.181187,2021-03-18 10:39:11.206095,0 days 00:20:13.024908000,2048,10000,auto,0.999,10000,0.4332449025760422,0.0002332627339003318,medium,0.02,512,PRUNED
55,55,622.9921631999999,2021-03-18 10:22:45.676337,2021-03-18 10:45:38.600843,0 days 00:22:52.924506000,256,10000,auto,0.9999,0,-1.662173258907584,0.0006914745705701845,medium,0.02,16,COMPLETE
56,56,939.9220002,2021-03-18 10:39:11.207405,2021-03-18 11:03:42.270449,0 days 00:24:31.063044000,256,10000,auto,0.9999,0,-1.930144364408281,0.0036131539436630882,medium,0.02,16,COMPLETE
57,57,-0.6982956,2021-03-18 10:45:38.602823,2021-03-18 10:57:42.847380,0 days 00:12:04.244557000,256,10000,auto,0.9999,0,-2.704909755933262,0.0034413414807824313,medium,0.02,16,PRUNED
58,58,-0.0563828,2021-03-18 10:57:42.848655,2021-03-18 11:04:59.050995,0 days 00:07:16.202340000,256,10000,auto,0.9999,0,-2.0524223518574543,0.0021714435296723055,medium,0.02,16,PRUNED
59,59,-399.8992262,2021-03-18 11:03:42.272493,2021-03-18 11:16:25.242727,0 days 00:12:42.970234000,256,10000,auto,0.9999,0,-2.021541589002151,0.01845130432786949,medium,0.02,16,PRUNED
60,60,-0.6752338,2021-03-18 11:04:59.051570,2021-03-18 11:12:13.599632,0 days 00:07:14.548062000,256,1000000,auto,0.9999,0,-1.4121100313912287,0.018302244430226332,medium,0.02,16,PRUNED
61,61,861.8806279999999,2021-03-18 11:12:13.600599,2021-03-18 11:34:56.925625,0 days 00:22:43.325026000,256,10000,auto,0.9999,0,-1.8502684289550004,0.008636812998715559,medium,0.02,16,COMPLETE
62,62,972.7804765999999,2021-03-18 11:16:25.243961,2021-03-18 11:38:15.477766,0 days 00:21:50.233805000,256,10000,auto,0.9999,0,-1.846541507916216,0.009358199950393201,medium,0.02,16,COMPLETE
63,63,-0.09014820000000001,2021-03-18 11:34:56.929869,2021-03-18 11:41:53.983202,0 days 00:06:57.053333000,256,10000,auto,0.9999,0,-2.3224765193877595,0.004144817424854347,medium,0.02,32,PRUNED
64,64,974.7826422,2021-03-18 11:38:15.479559,2021-03-18 12:01:41.759078,0 days 00:23:26.279519000,256,10000,auto,0.9999,0,-1.6218365920495077,0.005890557995285159,medium,0.02,16,COMPLETE
65,65,1317.8351214,2021-03-18 11:41:53.984356,2021-03-18 12:05:13.771405,0 days 00:23:19.787049000,256,10000,auto,0.9999,0,-1.643055575126645,0.010890349012742202,medium,0.02,16,COMPLETE
66,66,-0.736753,2021-03-18 12:01:41.760906,2021-03-18 12:08:40.319248,0 days 00:06:58.558342000,256,10000,auto,0.9999,0,-0.9993793355611804,0.011802538112606361,medium,0.02,16,PRUNED
67,67,973.1777734,2021-03-18 12:05:13.773316,2021-03-18 12:29:27.576969,0 days 00:24:13.803653000,256,10000,auto,0.99,0,-1.0122168324776366,0.007711350521400211,medium,0.02,16,COMPLETE
68,68,-399.8686918,2021-03-18 12:08:40.320307,2021-03-18 12:15:53.849882,0 days 00:07:13.529575000,256,10000,auto,0.99,0,-1.6195502451089836,0.03549603274554795,medium,0.02,16,PRUNED
69,69,935.3396644000001,2021-03-18 12:15:53.851038,2021-03-18 12:40:11.121509,0 days 00:24:17.270471000,256,10000,auto,0.9999,0,-1.2562346857691298,0.006518917810200942,medium,0.02,16,COMPLETE
70,70,27.2955478,2021-03-18 12:29:27.579147,2021-03-18 12:54:38.511421,0 days 00:25:10.932274000,256,10000,auto,0.99,0,-1.2867554110828632,0.011988082030771847,medium,0.02,16,COMPLETE
71,71,732.1726722000001,2021-03-18 12:40:11.123416,2021-03-18 13:04:17.917482,0 days 00:24:06.794066000,256,10000,auto,0.99,0,-0.5811130510760658,0.012603684231222679,medium,0.001,16,COMPLETE
72,72,618.6654752000001,2021-03-18 12:54:38.513604,2021-03-18 13:18:54.619435,0 days 00:24:16.105831000,256,10000,auto,0.99,0,-0.4760160065103125,0.006862197928863885,medium,0.001,16,COMPLETE
73,73,,2021-03-18 13:04:17.920737,2021-03-18 13:27:58.414189,0 days 00:23:40.493452000,256,1000000,auto,0.99,0,-0.9959031644867878,0.025460151403460966,medium,0.02,16,FAIL
74,74,0.20123359999999998,2021-03-18 13:18:54.621430,2021-03-18 13:27:19.491290,0 days 00:08:24.869860000,256,10000,auto,0.9999,0,-1.3346985148859813,0.004618311016478766,medium,0.02,16,PRUNED
75,75,-399.88788919999996,2021-03-18 13:27:19.492549,2021-03-18 13:34:15.997487,0 days 00:06:56.504938000,256,10000,auto,0.99,0,-0.9809428440042346,0.02635441145065625,medium,0.02,16,PRUNED
76,76,,2021-03-18 13:27:58.415057,2021-03-18 13:34:56.441407,0 days 00:06:58.026350000,256,10000,auto,0.99,0,-0.991375297101416,0.025304203283926553,medium,0.02,16,PRUNED
77,77,560.1119328,2021-03-18 13:34:15.998605,2021-03-18 13:58:49.185002,0 days 00:24:33.186397000,256,10000,auto,0.9999,0,-1.4933484889268802,0.007197301833908728,medium,0.02,16,COMPLETE
78,78,-0.375213,2021-03-18 13:34:56.442040,2021-03-18 13:42:06.469614,0 days 00:07:10.027574000,256,10000,auto,0.9999,0,-1.6069264124643614,0.008505733984328889,medium,0.02,16,PRUNED
79,79,-1.4683864000000002,2021-03-18 13:42:06.470813,2021-03-18 13:57:29.621546,0 days 00:15:23.150733000,2048,1000000,auto,0.9999,0,-1.5152305817520695,0.003444938745924299,medium,0.02,16,PRUNED
80,80,-0.3843248,2021-03-18 13:57:29.622766,2021-03-18 14:04:31.515072,0 days 00:07:01.892306000,256,10000,auto,0.9999,0,-1.0974739617207818,0.006014594793050999,medium,0.02,16,PRUNED
81,81,112.38315120000001,2021-03-18 13:58:49.186942,2021-03-18 14:12:25.967764,0 days 00:13:36.780822000,256,10000,auto,0.9999,0,-1.7913016740525867,0.0020566959403542063,medium,0.02,16,PRUNED
82,82,842.542756,2021-03-18 14:04:31.518422,2021-03-18 14:27:48.231424,0 days 00:23:16.713002000,256,10000,auto,0.9999,0,-1.796998129432273,0.01521237315637888,medium,0.02,16,COMPLETE
83,83,-399.9431302,2021-03-18 14:12:25.968785,2021-03-18 14:19:32.485049,0 days 00:07:06.516264000,512,10000,auto,0.999,0,-1.9294154728738904,0.014875408553333767,medium,0.02,64,PRUNED
84,84,-399.896508,2021-03-18 14:19:32.486401,2021-03-18 14:28:08.018575,0 days 00:08:35.532174000,2048,10000,auto,0.9999,0,-0.7226183843239432,0.08261679578995668,medium,0.01,512,PRUNED
85,85,797.423451,2021-03-18 14:27:48.233822,2021-03-18 14:51:03.693142,0 days 00:23:15.459320000,256,10000,auto,0.9999,0,-1.285335287287658,0.002698322583542619,medium,0.02,256,COMPLETE
86,86,-0.042693600000000005,2021-03-18 14:28:08.019428,2021-03-18 14:34:51.789861,0 days 00:06:43.770433000,256,10000,auto,0.9999,1000,0.17837912975939435,0.0027243968905809866,medium,0.02,256,PRUNED
87,87,-0.17659180000000002,2021-03-18 14:34:51.791065,2021-03-18 14:47:40.227962,0 days 00:12:48.436897000,256,10000,auto,0.995,0,-1.25515651317454,0.005389797121644412,medium,0.02,8,PRUNED
88,88,2.3272082000000003,2021-03-18 14:47:40.231263,2021-03-18 14:49:31.322362,0 days 00:01:51.091099000,256,10000,auto,0.9999,20000,-1.414443286413005,0.010576858405154543,medium,0.02,256,PRUNED
89,89,-0.23088820000000002,2021-03-18 14:49:31.323576,2021-03-18 14:56:16.918687,0 days 00:06:45.595111000,256,10000,auto,0.9999,0,0.8908000002320184,0.0028796771971103877,medium,0.02,256,PRUNED
90,90,902.1766888,2021-03-18 14:51:03.695140,2021-03-18 15:12:15.521925,0 days 00:21:11.826785000,256,10000,auto,0.98,1000,-2.2279539253845644,0.004116392361652917,medium,0.01,16,COMPLETE
91,91,885.5686062000001,2021-03-18 14:56:16.919627,2021-03-18 15:25:37.567857,0 days 00:29:20.648230000,2048,10000,auto,0.98,1000,-0.0749616221767998,0.004300579891399752,medium,0.01,16,COMPLETE
92,92,869.2848316,2021-03-18 15:12:15.523968,2021-03-18 15:38:29.781395,0 days 00:26:14.257427000,2048,100000,auto,0.995,10000,-0.05487398078820016,0.0013082282165854109,medium,0.005,128,COMPLETE
93,93,-1.163485,2021-03-18 15:25:37.569899,2021-03-18 15:29:28.183967,0 days 00:03:50.614068000,256,100000,auto,0.995,10000,-1.7083629866407597,0.001691369685880145,medium,0.005,128,PRUNED
94,94,-399.8863556,2021-03-18 15:29:28.185210,2021-03-18 15:35:51.201420,0 days 00:06:23.016210000,256,1000000,auto,0.9999,0,-0.9326198547582067,0.03922787001397375,medium,0.02,16,PRUNED
95,95,56.46223100000001,2021-03-18 15:35:51.203063,2021-03-18 15:49:47.125138,0 days 00:13:55.922075000,256,10000,auto,0.9999,0,-1.986144394892256,0.0013012555066423033,medium,0.02,16,PRUNED
96,96,-0.13109120000000002,2021-03-18 15:38:29.783375,2021-03-18 15:47:23.068609,0 days 00:08:53.285234000,256,10000,auto,0.9999,0,-1.9812813688556,0.0016190163482262215,medium,0.02,16,PRUNED
97,97,-0.3146584,2021-03-18 15:47:23.069841,2021-03-18 15:56:00.143991,0 days 00:08:37.074150000,256,10000,auto,0.9999,0,-1.5653434807568813,0.007016925123050585,medium,0.02,16,PRUNED
98,98,-0.9492629999999999,2021-03-18 15:49:47.126688,2021-03-18 15:57:09.461927,0 days 00:07:22.335239000,256,10000,auto,0.9999,0,-1.5460675879123515,0.007530377052465041,medium,0.02,16,PRUNED
99,99,-399.89193240000003,2021-03-18 15:56:00.145250,2021-03-18 16:04:00.739389,0 days 00:08:00.594139000,256,10000,auto,0.9999,0,-2.618859645269263,0.009415916653836547,medium,0.02,16,PRUNED
100,100,880.348964,2021-03-18 15:57:09.462612,2021-03-18 16:23:04.482435,0 days 00:25:55.019823000,512,10000,auto,0.9999,0,-2.165017740141045,0.0051329475871258355,medium,0.02,16,COMPLETE
101,101,898.3351782,2021-03-18 16:04:00.740576,2021-03-18 16:30:18.863503,0 days 00:26:18.122927000,512,10000,auto,0.9999,0,-2.1482840475982274,0.005613866792195047,medium,0.02,8,COMPLETE
102,102,595.5204704,2021-03-18 16:23:04.484460,2021-03-18 16:44:18.934226,0 days 00:21:14.449766000,256,10000,auto,0.9999,10000,-1.1325709729615328,0.001992301877968444,medium,0.02,8,COMPLETE
103,103,814.0649754,2021-03-18 16:30:18.865818,2021-03-18 16:51:44.291533,0 days 00:21:25.425715000,256,10000,auto,0.99,10000,-1.7240210058167507,0.0020893831581464016,medium,0.02,256,COMPLETE
104,104,-1.115908,2021-03-18 16:44:18.936249,2021-03-18 16:51:20.487162,0 days 00:07:01.550913000,256,10000,auto,0.99,0,-1.717687451039759,0.021003356124106694,medium,0.02,64,PRUNED
105,105,44.0580008,2021-03-18 16:51:20.490424,2021-03-18 17:03:36.134520,0 days 00:12:15.644096000,256,10000,auto,0.98,1000,-2.2967169900318405,0.0036818053826155944,medium,0.01,16,PRUNED
106,106,880.9389289999999,2021-03-18 16:51:44.293107,2021-03-18 17:14:26.182678,0 days 00:22:41.889571000,256,10000,auto,0.98,1000,-2.285875070256962,0.00428046066082124,medium,0.01,16,COMPLETE
107,107,-0.34930720000000004,2021-03-18 17:03:36.135650,2021-03-18 17:10:15.869497,0 days 00:06:39.733847000,256,10000,auto,0.98,1000,-2.50480292955049,0.003671153126767767,medium,0.01,16,PRUNED
108,108,-400.060961,2021-03-18 17:10:15.870579,2021-03-18 17:16:43.343755,0 days 00:06:27.473176000,256,10000,auto,0.98,1000,-2.224974895607146,0.010045046540947275,medium,0.01,16,PRUNED
109,109,-0.6179814,2021-03-18 17:14:26.185012,2021-03-18 17:21:42.844816,0 days 00:07:16.659804000,1024,10000,auto,0.98,1000,-1.8885264633182706,0.0031777130028458832,medium,0.01,32,PRUNED
110,110,-0.0840256,2021-03-18 17:16:43.344838,2021-03-18 17:35:15.906190,0 days 00:18:32.561352000,1024,10000,auto,0.999,1000,-1.865744615403063,0.013841401428332014,medium,0.01,32,PRUNED
111,111,0.10033600000000001,2021-03-18 17:21:42.846020,2021-03-18 17:33:05.034352,0 days 00:11:22.188332000,256,10000,auto,0.999,20000,-2.0553909799380525,0.01380068532763819,medium,0.01,512,PRUNED
112,112,844.313485,2021-03-18 17:33:05.038094,2021-03-18 18:00:28.231305,0 days 00:27:23.193211000,256,10000,auto,0.9999,1000,-0.8618171412117299,0.006479342354347036,medium,0.02,16,COMPLETE
113,113,0.0105574,2021-03-18 17:35:15.907497,2021-03-18 17:43:06.000300,0 days 00:07:50.092803000,256,10000,auto,0.9999,0,-2.3922075189996406,0.00044074475004258015,medium,0.02,16,PRUNED
114,114,-0.3505636,2021-03-18 17:43:06.003812,2021-03-18 17:58:42.805960,0 days 00:15:36.802148000,256,10000,auto,0.9999,0,-3.0137602238773606,0.00245413262470649,medium,0.001,16,PRUNED
115,115,998.220634,2021-03-18 17:58:42.806973,2021-03-18 18:23:38.217716,0 days 00:24:55.410743000,512,10000,auto,0.9999,0,-2.2181688611211143,0.00635369541235604,medium,0.02,8,COMPLETE
116,116,0.5420852,2021-03-18 18:00:28.233543,2021-03-18 18:08:47.714121,0 days 00:08:19.480578000,512,10000,auto,0.9999,0,-2.125509123439731,0.0053201948179811675,medium,0.02,8,PRUNED
117,117,891.3522145999999,2021-03-18 18:08:47.716339,2021-03-18 18:36:04.389974,0 days 00:27:16.673635000,512,10000,auto,0.9999,0,-1.3949425010622052,0.00842458257941591,medium,0.02,8,COMPLETE
118,118,-0.45160659999999997,2021-03-18 18:23:38.219562,2021-03-18 18:30:42.312670,0 days 00:07:04.093108000,512,10000,auto,0.9999,0,-1.3645787611333486,0.00821361050039994,medium,0.02,8,PRUNED
119,119,906.8527969999999,2021-03-18 18:30:42.313708,2021-03-18 18:53:54.411827,0 days 00:23:12.098119000,512,10000,auto,0.9999,0,-2.535117154763663,0.004452651422353659,medium,0.02,256,COMPLETE
120,120,778.470233,2021-03-18 18:36:04.391962,2021-03-18 19:05:39.926943,0 days 00:29:35.534981000,2048,10000,auto,0.9999,0,-2.5476048768549187,0.0008598833837725487,medium,0.02,256,COMPLETE
121,121,-399.891123,2021-03-18 18:53:54.414283,2021-03-18 19:00:34.268303,0 days 00:06:39.854020000,512,10000,auto,0.9999,0,-2.4996358163668386,0.018877989442282108,medium,0.02,256,PRUNED
122,122,11.873151199999999,2021-03-18 19:00:34.269593,2021-03-18 19:07:54.699321,0 days 00:07:20.429728000,512,10000,auto,0.9999,0,-2.8008014138294195,0.010446732653244957,medium,0.02,256,PRUNED
123,123,-1.2584322000000001,2021-03-18 19:05:39.928912,2021-03-18 19:15:17.248901,0 days 00:09:37.319989000,512,10000,auto,0.9999,0,-2.6295305321395332,0.01051869450244406,big,0.02,256,PRUNED
124,124,916.2033286,2021-03-18 19:07:54.700481,2021-03-18 19:41:05.531030,0 days 00:33:10.830549000,512,1000000,auto,0.9999,0,-2.661033943825702,0.006331236233588657,big,0.02,256,COMPLETE
125,125,934.4909438000001,2021-03-18 19:15:17.250258,2021-03-18 19:40:39.537615,0 days 00:25:22.287357000,512,10000,auto,0.9999,0,-2.218376542983119,0.004560972248143682,medium,0.02,256,COMPLETE
126,126,-0.0503962,2021-03-18 19:40:39.539806,2021-03-18 19:48:29.836162,0 days 00:07:50.296356000,512,10000,auto,0.9999,0,-1.995075584742569,0.0032715783876242845,medium,0.02,256,PRUNED
127,127,,2021-03-18 19:41:05.532957,2021-03-18 19:50:10.219475,0 days 00:09:04.686518000,512,1000000,auto,0.9999,0,-1.9440748801599943,0.030675733764612315,big,0.02,256,PRUNED
128,128,-399.8970602,2021-03-18 19:48:29.837606,2021-03-18 19:58:08.221267,0 days 00:09:38.383661000,512,1000000,auto,0.9999,0,-3.142599779534277,0.006449788749665429,big,0.02,256,PRUNED
129,129,839.7217082,2021-03-18 19:50:10.220525,2021-03-18 20:21:45.737075,0 days 00:31:35.516550000,512,1000000,auto,0.9999,0,-2.3904129343960836,0.005846883373231833,big,0.02,256,COMPLETE
130,130,-299.0300278,2021-03-18 19:58:08.222404,2021-03-18 20:13:52.751040,0 days 00:15:44.528636000,512,1000000,auto,0.995,0,-1.8203264797022236,0.002462420217546665,big,0.02,256,PRUNED
131,131,0.3853634,2021-03-18 20:13:52.752327,2021-03-18 20:19:24.433521,0 days 00:05:31.681194000,512,1000000,auto,0.9999,10000,-2.3705923983200043,0.006704621014129685,big,0.02,256,PRUNED
132,132,944.3277548,2021-03-18 20:19:24.436847,2021-03-18 21:07:20.642914,0 days 00:47:56.206067000,2048,1000000,auto,0.9999,0,-2.7700344545341573,0.005233471194556686,big,0.02,16,COMPLETE
133,133,38.541970400000004,2021-03-18 20:21:45.739492,2021-03-18 20:30:51.775500,0 days 00:09:06.036008000,2048,10000,auto,0.9999,0,-1.1946546049949465,0.0015360541420684894,medium,0.02,32,PRUNED
134,134,-0.4587312,2021-03-18 20:30:51.778902,2021-03-18 20:37:48.435793,0 days 00:06:56.656891000,256,1000000,auto,0.9999,0,-2.676753103570039,0.0030766723268106657,medium,0.02,16,PRUNED
135,135,-1.2269362000000001,2021-03-18 20:37:48.437101,2021-03-18 20:45:56.091123,0 days 00:08:07.654022000,512,10000,auto,0.9999,0,-2.4971572126572408,0.004614909143451164,medium,0.02,256,PRUNED
136,136,919.5971450000001,2021-03-18 20:45:56.094733,2021-03-18 21:11:27.288291,0 days 00:25:31.193558000,512,10000,auto,0.9999,0,-2.8944636004102358,0.004444675158465779,medium,0.02,256,COMPLETE
137,137,-399.8999856,2021-03-18 21:07:20.645087,2021-03-18 21:21:44.196778,0 days 00:14:23.551691000,2048,1000000,auto,0.9999,0,-2.842376585396803,0.00783473592258339,big,0.02,16,PRUNED
138,138,-0.34835479999999996,2021-03-18 21:11:27.290378,2021-03-18 21:22:20.440476,0 days 00:10:53.150098000,2048,10000,auto,0.9999,0,-3.3653013484631416,0.0037545021660401485,medium,0.02,16,PRUNED
139,139,0.12615739999999995,2021-03-18 21:21:44.198202,2021-03-18 21:31:24.037928,0 days 00:09:39.839726000,2048,10000,auto,0.99,0,-3.2575178727336755,0.0011087516017378707,medium,0.02,16,PRUNED
140,140,849.5450416,2021-03-18 21:22:20.441724,2021-03-18 21:50:19.821235,0 days 00:27:59.379511000,2048,10000,auto,0.99,10000,-2.981141222787075,0.0011325124848877127,medium,0.02,16,COMPLETE
141,141,-399.87589420000006,2021-03-18 21:31:24.039229,2021-03-18 21:40:34.049831,0 days 00:09:10.010602000,2048,10000,auto,0.9999,0,-2.935173487199146,0.012175382718228944,medium,0.02,16,PRUNED
142,142,944.2073176,2021-03-18 21:40:34.051060,2021-03-18 22:05:15.145834,0 days 00:24:41.094774000,1024,10000,auto,0.995,10000,-3.041318020341157,0.0019524092105362182,medium,0.02,64,COMPLETE
143,143,1.4836734,2021-03-18 21:50:19.823346,2021-03-18 22:00:24.470672,0 days 00:10:04.647326000,1024,10000,auto,0.995,0,-1.4716421811745841,0.01617540101297507,medium,0.02,64,PRUNED
144,144,-399.8969264,2021-03-18 22:00:24.472280,2021-03-18 22:02:10.638561,0 days 00:01:46.166281000,256,100000,auto,0.9999,20000,-1.0720255179110996,0.004921112720088553,medium,0.02,8,PRUNED
145,145,-399.9077018,2021-03-18 22:02:10.639719,2021-03-18 22:11:20.999749,0 days 00:09:10.360030000,512,1000000,auto,0.9999,0,-2.6785549688342156,0.001884605714693577,big,0.02,256,PRUNED
146,146,6.496042000000001,2021-03-18 22:05:15.147816,2021-03-18 22:09:07.534579,0 days 00:03:52.386763000,256,10000,auto,0.995,10000,-3.0935229245467166,0.0018150123037728799,medium,0.02,64,PRUNED
147,147,721.985671,2021-03-18 22:09:07.535738,2021-03-18 22:32:20.449792,0 days 00:23:12.914054000,1024,10000,auto,0.995,10000,-2.802353652752336,0.002591353856389245,medium,0.02,64,COMPLETE
148,148,878.9841311999999,2021-03-18 22:11:21.001005,2021-03-18 22:34:50.116429,0 days 00:23:29.115424000,1024,10000,auto,0.995,10000,-1.598821630476855,0.002535539123479418,medium,0.02,16,COMPLETE
149,149,3.3637154000000002,2021-03-18 22:32:20.452179,2021-03-18 22:38:39.187246,0 days 00:06:18.735067000,1024,10000,auto,0.995,10000,-1.62867207580076,0.0031968633438651194,medium,0.02,512,PRUNED
150,150,6.4266174,2021-03-18 22:34:50.118703,2021-03-18 22:39:47.022407,0 days 00:04:56.903704000,1024,10000,auto,0.995,10000,-1.7626436485699652,0.0036608898062441323,medium,0.005,64,PRUNED
151,151,5.590846000000001,2021-03-18 22:38:39.188603,2021-03-18 22:43:32.425700,0 days 00:04:53.237097000,1024,10000,auto,0.9999,10000,-3.365757331577821,0.00975449400608551,medium,0.005,128,PRUNED
152,152,-1.6317273999999997,2021-03-18 22:39:47.023228,2021-03-18 22:47:43.919443,0 days 00:07:56.896215000,1024,10000,auto,0.9999,0,-2.074704477921803,0.00928103625043125,medium,0.02,128,PRUNED
153,153,-0.2767842,2021-03-18 22:43:32.426867,2021-03-18 22:51:20.481885,0 days 00:07:48.055018000,256,10000,auto,0.9999,0,-2.0742795289354827,0.0049188618755575,medium,0.001,16,PRUNED
154,154,1021.3532670000001,2021-03-18 22:47:43.920664,2021-03-18 23:09:09.966660,0 days 00:21:26.045996000,256,10000,auto,0.9999,0,-0.7123488154893332,0.005081805349099589,medium,0.001,16,COMPLETE
155,155,-0.10451880000000002,2021-03-18 22:51:20.483179,2021-03-18 23:00:57.155707,0 days 00:09:36.672528000,512,1000000,auto,0.9999,0,-2.713011828398072,0.005957193946299029,big,0.02,256,PRUNED
156,156,-0.09786500000000001,2021-03-18 23:00:57.156893,2021-03-18 23:10:28.591487,0 days 00:09:31.434594000,512,1000000,auto,0.9999,0,-2.2186406151523363,0.007652092561213386,big,0.02,256,PRUNED
157,157,6.433638999999999,2021-03-18 23:09:09.969232,2021-03-18 23:15:52.640261,0 days 00:06:42.671029000,256,10000,auto,0.9999,0,-0.8517659899371088,0.0038786749921026027,medium,0.001,16,PRUNED
158,158,-0.4695038,2021-03-18 23:10:28.592425,2021-03-18 23:22:00.920886,0 days 00:11:32.328461000,256,10000,auto,0.9999,0,-0.6599598994956204,0.004152833660098401,medium,0.001,16,PRUNED
159,159,-2.00382,2021-03-18 23:15:52.641819,2021-03-18 23:22:47.781902,0 days 00:06:55.140083000,256,10000,auto,0.9999,0,-3.075382508087624,0.0022442495881170076,medium,0.001,16,PRUNED
160,160,0.0045677999999999995,2021-03-18 23:22:00.922165,2021-03-18 23:29:32.826392,0 days 00:07:31.904227000,256,10000,auto,0.9999,0,0.6090174153934385,0.0014594037703044922,medium,0.001,16,PRUNED
161,161,-0.11913,2021-03-18 23:22:47.782739,2021-03-18 23:34:17.107342,0 days 00:11:29.324603000,256,10000,auto,0.9999,0,-1.2596712522315028,0.005059453557536515,medium,0.001,32,PRUNED
162,162,806.1555179999999,2021-03-18 23:29:32.828039,2021-03-18 23:56:16.418607,0 days 00:26:43.590568000,256,10000,auto,0.9999,0,-0.7396390713484898,0.004917509248463983,medium,0.02,32,COMPLETE
163,163,822.5498222,2021-03-18 23:34:17.108521,2021-03-18 23:58:06.730932,0 days 00:23:49.622411000,256,10000,auto,0.9999,0,-0.40690156021417057,0.00761171278430933,medium,0.02,64,COMPLETE
164,164,876.5600016000001,2021-03-18 23:56:16.420626,2021-03-19 00:17:15.734171,0 days 00:20:59.313545000,256,10000,auto,0.9999,10000,-1.0619602804781605,0.012897571234902901,medium,0.02,16,COMPLETE
165,165,863.8114192,2021-03-18 23:58:06.733201,2021-03-19 00:31:46.086369,0 days 00:33:39.353168000,512,10000,auto,0.9999,0,-2.8910817891138674,0.0062838627670159415,big,0.02,16,COMPLETE
166,166,-3.2941394,2021-03-19 00:17:15.739855,2021-03-19 00:26:39.323253,0 days 00:09:23.583398000,512,1000000,auto,0.9999,0,-0.9082105811970744,0.005912764135062623,big,0.02,256,PRUNED
167,167,-0.9632137999999999,2021-03-19 00:26:39.325533,2021-03-19 00:34:23.238904,0 days 00:07:43.913371000,512,10000,auto,0.9999,0,-2.916581675221286,0.006741083885398623,medium,0.02,16,PRUNED
168,168,68.39816019999999,2021-03-19 00:31:46.089651,2021-03-19 00:44:22.371481,0 days 00:12:36.281830000,2048,10000,auto,0.9999,0,-1.9083678298790965,0.003239470197109389,medium,0.02,256,PRUNED
169,169,828.4961821999999,2021-03-19 00:34:23.240111,2021-03-19 01:05:17.995151,0 days 00:30:54.755040000,2048,10000,auto,0.9999,0,-2.7459032979819167,0.0029067111341074966,medium,0.02,256,COMPLETE
170,170,8.084696000000001,2021-03-19 00:44:22.373326,2021-03-19 00:53:05.104684,0 days 00:08:42.731358000,256,10000,auto,0.99,0,-2.790400727025216,0.010902313608142604,medium,0.02,8,PRUNED
171,171,727.7167342,2021-03-19 00:53:05.107703,2021-03-19 01:17:32.193612,0 days 00:24:27.085909000,256,10000,auto,0.9999,0,-3.176808054864111,0.002986715685286694,medium,0.02,16,COMPLETE
172,172,-2.3500490000000003,2021-03-19 01:05:17.997370,2021-03-19 01:12:24.685998,0 days 00:07:06.688628000,256,10000,auto,0.9999,0,-1.177675741851722,0.008796261753934253,medium,0.02,16,PRUNED
173,173,0.3557532,2021-03-19 01:12:24.687697,2021-03-19 01:20:52.709825,0 days 00:08:28.022128000,256,1000000,auto,0.995,0,0.07058028852183706,0.004035678039245441,medium,0.02,16,PRUNED
174,174,21.140736600000004,2021-03-19 01:17:32.195601,2021-03-19 01:22:18.040011,0 days 00:04:45.844410000,512,1000000,auto,0.995,10000,-1.8173292152181457,0.004361744091093031,medium,0.02,256,PRUNED
175,175,-2.0619368,2021-03-19 01:20:52.711079,2021-03-19 01:28:53.437504,0 days 00:08:00.726425000,512,10000,auto,0.9999,0,-2.57199095642731,0.004594279199568621,medium,0.02,256,PRUNED
176,176,-399.9717984,2021-03-19 01:22:18.040795,2021-03-19 01:33:12.597974,0 days 00:10:54.557179000,512,10000,auto,0.9999,0,-2.509596959960546,0.007332825188361334,medium,0.02,256,PRUNED
177,177,645.6233718000001,2021-03-19 01:28:53.439128,2021-03-19 01:53:13.304621,0 days 00:24:19.865493000,512,10000,auto,0.9999,0,-2.4323251657165716,0.0021444951455101527,medium,0.02,256,COMPLETE
178,178,860.9836487999999,2021-03-19 01:33:12.599214,2021-03-19 01:57:07.299402,0 days 00:23:54.700188000,512,10000,auto,0.9999,0,-2.3597577950185302,0.005835129367149208,medium,0.02,256,COMPLETE
179,179,-0.1379158,2021-03-19 01:53:13.306714,2021-03-19 02:00:10.951882,0 days 00:06:57.645168000,512,10000,auto,0.9999,0,-2.228580571390339,0.005489737449020048,medium,0.02,256,PRUNED
180,180,-399.88347439999995,2021-03-19 01:57:07.301115,2021-03-19 02:04:05.712474,0 days 00:06:58.411359000,512,10000,auto,0.9999,0,-2.2539205593598988,0.00923460520880914,medium,0.02,256,PRUNED
181,181,-399.87794080000003,2021-03-19 02:00:10.953031,2021-03-19 02:11:02.725645,0 days 00:10:51.772614000,1024,10000,auto,0.999,0,-2.610790459291477,0.015857754133198777,big,0.02,16,PRUNED
182,182,13.525094200000002,2021-03-19 02:04:05.713508,2021-03-19 02:07:11.456381,0 days 00:03:05.742873000,1024,10000,auto,0.999,20000,-3.0061617930957345,0.012220444721436373,big,0.02,16,PRUNED
183,183,-2.3293626000000005,2021-03-19 02:07:11.457607,2021-03-19 02:14:43.845156,0 days 00:07:32.387549000,256,100000,auto,0.9999,0,-2.129812330072051,0.01667600307645414,medium,0.02,64,PRUNED
184,184,267.5734372,2021-03-19 02:11:02.726942,2021-03-19 02:22:17.792109,0 days 00:11:15.065167000,256,100000,auto,0.9999,0,-1.4515273992139928,0.003648001468165753,medium,0.02,64,PRUNED
185,185,906.0064178,2021-03-19 02:14:43.846416,2021-03-19 02:38:52.666045,0 days 00:24:08.819629000,256,10000,auto,0.98,1000,-1.9910808842161696,0.0037912152899617687,medium,0.01,16,COMPLETE
186,186,12.2085434,2021-03-19 02:22:17.793304,2021-03-19 02:30:01.313318,0 days 00:07:43.520014000,256,10000,auto,0.98,1000,-1.9592521833264813,0.004115435095508459,medium,0.01,16,PRUNED
187,187,211.71377519999996,2021-03-19 02:30:01.314652,2021-03-19 02:40:21.321629,0 days 00:10:20.006977000,256,10000,auto,0.98,1000,-1.6961607991119454,0.0016822898615664358,medium,0.01,16,PRUNED
188,188,-0.3325702,2021-03-19 02:38:52.668423,2021-03-19 02:45:27.687924,0 days 00:06:35.019501000,256,10000,auto,0.98,1000,-1.8965499492589324,0.0017602067753717694,medium,0.01,16,PRUNED
189,189,-0.1970496,2021-03-19 02:40:21.322798,2021-03-19 02:46:54.599426,0 days 00:06:33.276628000,256,10000,auto,0.99,1000,-2.017852234349704,0.002722802458010286,medium,0.01,16,PRUNED
190,190,-0.20792200000000002,2021-03-19 02:45:27.688886,2021-03-19 03:00:11.729878,0 days 00:14:44.040992000,256,10000,auto,0.99,1000,-2.0292908181373863,0.0026070182493345673,medium,0.01,8,PRUNED
191,191,-0.7095942,2021-03-19 02:46:54.600671,2021-03-19 02:52:47.652333,0 days 00:05:53.051662000,2048,10000,auto,0.9999,10000,-2.6935620983626354,0.007241374404930738,medium,0.02,512,PRUNED
192,192,754.0235654,2021-03-19 02:52:47.653481,2021-03-19 03:17:01.607431,0 days 00:24:13.953950000,256,10000,auto,0.9999,0,-0.989291477767462,0.005153428369541986,medium,0.02,8,COMPLETE
193,193,0.3611662,2021-03-19 03:00:11.731448,2021-03-19 03:07:43.220431,0 days 00:07:31.488983000,512,10000,auto,0.9999,0,-0.2130007762091577,0.004763027784785478,medium,0.02,16,PRUNED
194,194,0.0650394,2021-03-19 03:07:43.223801,2021-03-19 03:14:35.014193,0 days 00:06:51.790392000,256,10000,auto,0.9999,0,-2.8703924384319692,0.006357294318542783,medium,0.02,32,PRUNED
195,195,973.6703326,2021-03-19 03:14:35.015365,2021-03-19 03:37:01.370828,0 days 00:22:26.355463000,256,10000,auto,0.98,1000,-2.18778013181904,0.003613743621945271,medium,0.01,16,COMPLETE
196,196,-0.7201576,2021-03-19 03:17:01.609033,2021-03-19 03:24:45.505755,0 days 00:07:43.896722000,256,10000,auto,0.98,1000,-2.1877849966443854,0.003318672961228227,medium,0.01,16,PRUNED
197,197,993.1276842,2021-03-19 03:24:45.507044,2021-03-19 03:48:32.090747,0 days 00:23:46.583703000,256,10000,auto,0.98,1000,-2.320061523470232,0.008745391285612919,medium,0.01,16,COMPLETE
198,198,887.4743317999998,2021-03-19 03:37:01.372864,2021-03-19 04:00:18.576903,0 days 00:23:17.204039000,256,10000,auto,0.98,1000,-2.300133144139897,0.002170400192850141,medium,0.01,16,COMPLETE
199,199,-2.3540782,2021-03-19 03:48:32.092733,2021-03-19 03:55:33.511915,0 days 00:07:01.419182000,256,10000,auto,0.98,1000,-2.3244712499980107,0.00882917845997168,medium,0.02,16,PRUNED
200,200,-79.8282176,2021-03-19 03:55:33.512930,2021-03-19 04:00:03.760996,0 days 00:04:30.248066000,256,10000,auto,0.98,10000,-2.4542935926989706,0.011673401692704803,medium,0.01,16,PRUNED
201,201,-399.9069556,2021-03-19 04:00:03.762644,2021-03-19 04:05:57.041041,0 days 00:05:53.278397000,256,10000,auto,0.9999,1000,-2.565860295377142,0.007724404634857422,medium,0.01,256,PRUNED
202,202,1.3417345999999999,2021-03-19 04:00:18.578517,2021-03-19 04:09:08.969122,0 days 00:08:50.390605000,2048,10000,auto,0.9999,0,-2.5972025933799183,0.007406046588466782,medium,0.001,256,PRUNED
203,203,-1.3492102,2021-03-19 04:05:57.044835,2021-03-19 04:14:54.643447,0 days 00:08:57.598612000,2048,10000,auto,0.995,0,-2.116815289825957,0.006187506682256561,medium,0.001,16,PRUNED
204,204,0.010062199999999999,2021-03-19 04:09:08.970129,2021-03-19 04:16:07.902639,0 days 00:06:58.932510000,512,1000000,auto,0.995,0,-2.122885597782799,0.005938108051183612,medium,0.02,16,PRUNED
205,205,-0.8393984,2021-03-19 04:14:54.644726,2021-03-19 04:21:46.981421,0 days 00:06:52.336695000,256,10000,auto,0.98,1000,-2.1527969830749996,0.0039399154398774665,medium,0.01,16,PRUNED
206,206,-0.5297871999999999,2021-03-19 04:16:07.903393,2021-03-19 04:23:16.961518,0 days 00:07:09.058125000,256,10000,auto,0.98,1000,-1.7808642045598333,0.003823641460756209,medium,0.01,16,PRUNED
207,207,1029.5261838000001,2021-03-19 04:21:46.982812,2021-03-19 04:46:10.048588,0 days 00:24:23.065776000,256,10000,auto,0.98,1000,-1.8053336635030108,0.0048566332063471225,medium,0.01,16,COMPLETE
208,208,268.25997160000003,2021-03-19 04:23:16.962467,2021-03-19 04:31:49.710037,0 days 00:08:32.747570000,256,10000,auto,0.98,1000,-2.3879829492427644,0.009732358101284368,medium,0.01,16,PRUNED
209,209,-1.1798318,2021-03-19 04:31:49.711281,2021-03-19 04:40:04.560960,0 days 00:08:14.849679000,256,10000,auto,0.98,1000,0.9917819459864514,0.004794010864681698,medium,0.01,16,PRUNED
210,210,1.5859628000000003,2021-03-19 04:40:04.562201,2021-03-19 04:45:45.112370,0 days 00:05:40.550169000,256,10000,auto,0.9999,10000,-1.6440933774148654,0.0032328071567145813,medium,0.02,16,PRUNED
211,211,957.750488,2021-03-19 04:45:45.114485,2021-03-19 05:14:13.128421,0 days 00:28:28.013936000,1024,10000,auto,0.9999,1000,-0.5931429495501316,0.0013287683337178918,medium,0.02,256,COMPLETE
212,212,-1.0600256,2021-03-19 04:46:10.050312,2021-03-19 04:56:48.694088,0 days 00:10:38.643776000,1024,10000,auto,0.9999,0,-1.8378915895650174,0.005342068570269918,big,0.02,256,PRUNED
213,213,803.7210216000001,2021-03-19 04:56:48.695360,2021-03-19 05:23:59.962255,0 days 00:27:11.266895000,512,10000,auto,0.9999,0,-1.6039964542591139,0.009161094602937321,medium,0.02,16,COMPLETE
214,214,0.3112688,2021-03-19 05:14:13.133447,2021-03-19 05:23:12.756919,0 days 00:08:59.623472000,1024,10000,auto,0.9999,1000,-0.5510699148266395,0.0015824984800164017,medium,0.02,16,PRUNED
215,215,16.0711194,2021-03-19 05:23:12.758545,2021-03-19 05:31:15.797684,0 days 00:08:03.039139000,1024,10000,auto,0.9999,1000,-0.7655677020922256,0.008178519515404482,medium,0.02,256,PRUNED
216,216,814.0481336,2021-03-19 05:23:59.964092,2021-03-19 05:51:40.370090,0 days 00:27:40.405998000,1024,10000,auto,0.9999,1000,-0.6205241985939856,0.0012444560895147072,medium,0.02,256,COMPLETE
217,217,762.4268144,2021-03-19 05:31:15.801076,2021-03-19 05:58:42.481649,0 days 00:27:26.680573000,1024,10000,auto,0.9999,1000,-0.6500086457640091,0.0011894264376407805,medium,0.02,256,COMPLETE
218,218,818.1793863999999,2021-03-19 05:51:40.372183,2021-03-19 06:18:46.703620,0 days 00:27:06.331437000,1024,10000,auto,0.9999,1000,-0.8112892693616214,0.0007371701413744044,medium,0.02,256,COMPLETE
219,219,766.718497,2021-03-19 05:58:42.484458,2021-03-19 06:22:19.441994,0 days 00:23:36.957536000,256,10000,auto,0.9999,0,-2.797562212083445,0.0007819700297625079,medium,0.02,256,COMPLETE
220,220,-0.11947680000000001,2021-03-19 06:18:46.705788,2021-03-19 06:25:32.726913,0 days 00:06:46.021125000,256,10000,auto,0.9999,0,-1.5435290753877244,0.002413030272824899,medium,0.02,256,PRUNED
221,221,363.957785,2021-03-19 06:22:19.444545,2021-03-19 06:43:34.985091,0 days 00:21:15.540546000,256,1000000,auto,0.9999,10000,-1.521019166028481,0.002675201314851585,medium,0.02,32,COMPLETE
222,222,899.8321598,2021-03-19 06:25:32.728146,2021-03-19 06:49:17.161351,0 days 00:23:44.433205000,512,1000000,auto,0.9999,10000,-0.9942891152316395,0.004885011399760315,medium,0.02,32,COMPLETE
223,223,-1.1265315999999999,2021-03-19 06:43:34.987156,2021-03-19 06:51:43.603053,0 days 00:08:08.615897000,512,10000,auto,0.9999,0,-1.06513538815459,0.004750558134902372,medium,0.01,16,PRUNED
224,224,121.0098084,2021-03-19 06:49:17.163537,2021-03-19 06:59:46.674954,0 days 00:10:29.511417000,256,10000,auto,0.9999,0,-2.2320645817886993,0.006964402209678028,big,0.01,16,PRUNED
225,225,-0.16338740000000002,2021-03-19 06:51:43.604326,2021-03-19 06:58:21.756578,0 days 00:06:38.152252000,256,10000,auto,0.98,1000,-1.9457484187894714,0.0031498551326826496,medium,0.01,16,PRUNED
226,226,976.2159336000001,2021-03-19 06:58:21.757930,2021-03-19 07:21:41.072434,0 days 00:23:19.314504000,256,10000,auto,0.98,1000,-1.7289269998556531,0.006988208505788932,medium,0.01,16,COMPLETE
227,227,352.4652602,2021-03-19 06:59:46.676268,2021-03-19 07:14:57.409644,0 days 00:15:10.733376000,256,10000,auto,0.98,1000,-2.046435851164364,0.0039647327907901654,medium,0.01,16,PRUNED
228,228,142.4101182,2021-03-19 07:14:57.413092,2021-03-19 07:22:30.451788,0 days 00:07:33.038696000,256,10000,auto,0.98,1000,-1.735188633510544,0.0020470314188260896,medium,0.01,16,PRUNED
229,229,-396.245941,2021-03-19 07:21:41.074574,2021-03-19 07:45:32.631412,0 days 00:23:51.556838000,256,10000,auto,0.98,1000,-1.7293689458866541,0.006525942197266774,medium,0.01,16,COMPLETE
230,230,46.7240216,2021-03-19 07:22:30.453244,2021-03-19 07:29:51.390228,0 days 00:07:20.936984000,256,10000,auto,0.98,1000,-1.7041738828115323,0.006887741977125898,medium,0.005,16,PRUNED
231,231,57.166976399999996,2021-03-19 07:29:51.391313,2021-03-19 07:36:54.316163,0 days 00:07:02.924850000,256,10000,auto,0.98,1000,-1.8554412141907906,0.010430721082182973,medium,0.02,256,PRUNED
232,232,-0.5436974,2021-03-19 07:36:54.319533,2021-03-19 07:44:07.533447,0 days 00:07:13.213914000,256,10000,auto,0.995,0,-1.3537596763205444,0.006072305720087791,medium,0.02,64,PRUNED
233,233,812.4675958,2021-03-19 07:44:07.534717,2021-03-19 08:06:53.342210,0 days 00:22:45.807493000,1024,10000,auto,0.9999,20000,-0.34499733970433705,0.013448258531391241,medium,0.01,16,COMPLETE
234,234,15.9944134,2021-03-19 07:45:32.633538,2021-03-19 07:54:19.791440,0 days 00:08:47.157902000,1024,10000,auto,0.9999,0,-2.936578496859909,0.0139801153453544,medium,0.02,8,PRUNED
235,235,3.8748918000000003,2021-03-19 07:54:19.792809,2021-03-19 08:02:39.489423,0 days 00:08:19.696614000,256,10000,auto,0.98,1000,-1.8944479979574826,0.003794268589866981,medium,0.01,16,PRUNED
236,236,28.231379600000004,2021-03-19 08:02:39.490450,2021-03-19 08:10:40.279769,0 days 00:08:00.789319000,256,10000,auto,0.98,1000,-1.9878124717412393,0.005087829234574871,medium,0.01,16,PRUNED
237,237,146.10186,2021-03-19 08:06:53.344332,2021-03-19 08:13:52.577528,0 days 00:06:59.233196000,256,10000,auto,0.98,1000,-2.060745780916454,0.0043346926638804205,medium,0.01,16,PRUNED
238,238,0.0933932,2021-03-19 08:10:40.281101,2021-03-19 08:17:31.639285,0 days 00:06:51.358184000,256,10000,auto,0.98,1000,-2.4449688776640794,0.004306987960691241,medium,0.01,16,PRUNED
239,239,2.4469268,2021-03-19 08:13:52.578806,2021-03-19 08:20:33.550355,0 days 00:06:40.971549000,256,10000,auto,0.98,1000,-2.259192276961145,0.008415177892297053,medium,0.01,16,PRUNED
240,240,893.2849956,2021-03-19 08:17:31.640507,2021-03-19 08:43:46.422908,0 days 00:26:14.782401000,512,10000,auto,0.99,0,-2.71474301513127,0.003041533645272932,medium,0.02,128,COMPLETE
241,241,132.72577600000002,2021-03-19 08:20:33.551562,2021-03-19 08:31:47.264363,0 days 00:11:13.712801000,2048,10000,auto,0.99,0,-2.7343486294333377,0.0031148629918514585,medium,0.02,256,PRUNED
242,242,-1.2717133999999999,2021-03-19 08:31:47.267728,2021-03-19 08:40:44.886755,0 days 00:08:57.619027000,512,10000,auto,0.9999,0,-1.8148775605557028,0.005789632670730896,medium,0.02,16,PRUNED
243,243,-1.2912062,2021-03-19 08:40:44.888080,2021-03-19 08:50:07.239729,0 days 00:09:22.351649000,256,10000,auto,0.9999,0,-1.6595654247049452,0.00790082691512837,big,0.02,16,PRUNED
244,244,-400.2339526,2021-03-19 08:43:46.424963,2021-03-19 08:53:02.310266,0 days 00:09:15.885303000,256,10000,auto,0.9999,1000,-0.8869900415513177,0.009889363906966892,big,0.02,16,PRUNED
245,245,-0.169298,2021-03-19 08:50:07.240935,2021-03-19 08:56:44.430238,0 days 00:06:37.189303000,256,10000,auto,0.98,1000,-2.1839127417004844,0.0052341293689349006,medium,0.01,16,PRUNED
246,246,1286.047524,2021-03-19 08:53:02.311627,2021-03-19 09:17:44.368625,0 days 00:24:42.056998000,256,10000,auto,0.98,1000,-2.1862002482620335,0.004921241847097107,medium,0.01,16,COMPLETE
247,247,-0.3874552,2021-03-19 08:56:44.431369,2021-03-19 09:04:45.877260,0 days 00:08:01.445891000,256,10000,auto,0.98,1000,-2.2812037413590143,0.00391187525854562,medium,0.01,16,PRUNED
248,248,6.3946538,2021-03-19 09:04:45.878556,2021-03-19 09:11:42.184117,0 days 00:06:56.305561000,256,10000,auto,0.98,1000,-2.3275576873905117,0.006366511770589426,medium,0.01,512,PRUNED
249,249,1012.9325534000002,2021-03-19 09:11:42.185459,2021-03-19 09:34:55.214943,0 days 00:23:13.029484000,256,10000,auto,0.98,1000,-2.117590365666441,0.002210004816513207,medium,0.01,16,COMPLETE
250,250,-1.3642234,2021-03-19 09:17:44.371138,2021-03-19 09:24:34.194978,0 days 00:06:49.823840000,256,10000,auto,0.98,1000,-1.9554001883980212,0.005089761130888649,medium,0.01,16,PRUNED
251,251,3.7631588000000002,2021-03-19 09:24:34.198376,2021-03-19 09:29:13.938105,0 days 00:04:39.739729000,256,10000,auto,0.995,10000,-2.176351417225566,0.002221096830098514,medium,0.01,256,PRUNED
252,252,-0.04086959999999999,2021-03-19 09:29:13.939632,2021-03-19 09:37:09.954755,0 days 00:07:56.015123000,256,10000,auto,0.9999,0,-2.08046709084189,0.007619167384703966,medium,0.02,16,PRUNED
253,253,-400.9832458,2021-03-19 09:34:55.216974,2021-03-19 09:43:35.439162,0 days 00:08:40.222188000,2048,10000,auto,0.9999,0,0.31166294062934435,0.001535148508269005,medium,0.001,256,PRUNED
254,254,10.2560238,2021-03-19 09:37:09.955676,2021-03-19 09:47:22.629258,0 days 00:10:12.673582000,2048,1000000,auto,0.9999,0,-3.0570529292871815,0.0015253280587582644,medium,0.001,256,PRUNED
255,255,910.2549314,2021-03-19 09:43:35.442656,2021-03-19 10:06:29.596854,0 days 00:22:54.154198000,512,1000000,auto,0.9999,1000,-2.8463805383657363,0.001701556886565145,medium,0.02,16,COMPLETE
256,256,0.16290960000000002,2021-03-19 09:47:22.631606,2021-03-19 09:55:30.954689,0 days 00:08:08.323083000,512,10000,auto,0.9999,1000,-2.514951407707865,0.001894296538691397,medium,0.02,16,PRUNED
257,257,46.0891572,2021-03-19 09:55:30.958022,2021-03-19 09:59:54.676654,0 days 00:04:23.718632000,256,10000,auto,0.98,10000,-2.815610507965121,0.0025579712969974687,medium,0.02,16,PRUNED
258,258,-2.0621470000000004,2021-03-19 09:59:54.677935,2021-03-19 10:06:47.129347,0 days 00:06:52.451412000,256,10000,auto,0.9999,0,-1.2271089701756426,0.009975321099367692,medium,0.02,64,PRUNED
259,259,873.7938606,2021-03-19 10:06:29.599323,2021-03-19 10:31:08.087176,0 days 00:24:38.487853000,256,1000000,auto,0.9999,1000,-1.145426689206165,0.0019168422810262333,medium,0.02,16,COMPLETE
260,260,-0.7090284,2021-03-19 10:06:47.130355,2021-03-19 10:14:25.399251,0 days 00:07:38.268896000,1024,1000000,auto,0.9999,1000,-3.0366252335448944,0.001165903449434922,medium,0.01,16,PRUNED
261,261,-0.44683339999999994,2021-03-19 10:14:25.400446,2021-03-19 10:21:34.199743,0 days 00:07:08.799297000,256,1000000,auto,0.98,1000,-2.8312461563769205,0.001964610548806655,medium,0.02,16,PRUNED
262,262,3.2477422,2021-03-19 10:21:34.201293,2021-03-19 10:28:51.572300,0 days 00:07:17.371007000,512,1000000,auto,0.9999,1000,-2.965481322576091,0.00230491138813183,medium,0.02,16,PRUNED
263,263,202.11073500000003,2021-03-19 10:28:51.575645,2021-03-19 10:35:44.653632,0 days 00:06:53.077987000,256,1000000,auto,0.995,1000,-1.450820672044585,0.0013241801247469186,medium,0.01,16,PRUNED
264,264,2.2551862,2021-03-19 10:31:08.089303,2021-03-19 10:39:39.995161,0 days 00:08:31.905858000,256,1000000,auto,0.995,1000,-1.870526607455491,0.0009398518278659482,medium,0.01,16,PRUNED
265,265,26.417820999999996,2021-03-19 10:35:44.654702,2021-03-19 10:43:20.740429,0 days 00:07:36.085727000,256,1000000,auto,0.9999,1000,-2.12291312631472,0.00671876132153562,medium,0.02,8,PRUNED
266,266,869.7135832,2021-03-19 10:39:39.996809,2021-03-19 11:02:46.366063,0 days 00:23:06.369254000,512,10000,auto,0.9999,10000,-2.1373793621561155,0.006381536934136229,medium,0.02,8,COMPLETE
267,267,-399.8999656,2021-03-19 10:43:20.741740,2021-03-19 10:49:26.829927,0 days 00:06:06.088187000,512,10000,auto,0.999,10000,0.6102374613169169,0.011259601045643327,big,0.02,16,PRUNED
268,268,16.94266,2021-03-19 10:49:26.833190,2021-03-19 10:57:28.686973,0 days 00:08:01.853783000,1024,100000,auto,0.98,1000,-2.9107232300955594,0.003345018278220958,medium,0.02,32,PRUNED
269,269,1.7431766000000004,2021-03-19 10:57:28.688579,2021-03-19 11:04:30.889961,0 days 00:07:02.201382000,256,10000,auto,0.9999,0,-1.7744112095621074,0.0056491225165654895,medium,0.02,16,PRUNED
270,270,835.5101377999999,2021-03-19 11:02:46.368246,2021-03-19 11:27:01.927158,0 days 00:24:15.558912000,256,10000,auto,0.9999,0,-0.5044877529204901,0.007992995734172606,medium,0.005,16,COMPLETE
271,271,0.1772356,2021-03-19 11:04:30.891421,2021-03-19 11:11:36.456305,0 days 00:07:05.564884000,256,10000,auto,0.98,1000,-0.5155631430657174,0.008574733536060874,medium,0.01,16,PRUNED
272,272,-0.8097096,2021-03-19 11:11:36.457657,2021-03-19 11:21:06.861258,0 days 00:09:30.403601000,2048,10000,auto,0.9999,0,-3.1646607286954636,0.0027706000702824884,medium,0.005,16,PRUNED
273,273,-0.2725638,2021-03-19 11:21:06.862890,2021-03-19 11:23:06.900845,0 days 00:02:00.037955000,256,10000,auto,0.99,20000,-2.3378878163950034,0.0010144501658213001,medium,0.02,16,PRUNED
274,274,695.956571,2021-03-19 11:23:06.902158,2021-03-19 11:51:51.077275,0 days 00:28:44.175117000,1024,10000,auto,0.9999,0,-1.5813031319996829,0.0015607304182579974,medium,0.01,64,COMPLETE
275,275,-0.2604174,2021-03-19 11:27:01.929266,2021-03-19 11:36:05.492104,0 days 00:09:03.562838000,1024,10000,auto,0.9999,1000,-0.7005907917315057,0.004466336809281742,medium,0.02,64,PRUNED
276,276,-399.9008244,2021-03-19 11:36:05.493431,2021-03-19 11:46:40.182617,0 days 00:10:34.689186000,512,10000,auto,0.98,0,-1.5523692774693556,0.4254202786521372,big,0.01,16,PRUNED
277,277,658.1194618,2021-03-19 11:46:40.183963,2021-03-19 12:10:17.607032,0 days 00:23:37.423069000,256,10000,auto,0.9999,1000,-1.6359127506216549,0.0017520825588761533,medium,0.02,16,COMPLETE
278,278,0.0942528,2021-03-19 11:51:51.079335,2021-03-19 11:58:41.546140,0 days 00:06:50.466805000,256,10000,auto,0.9999,1000,-2.669739327849385,0.0032433355231322367,medium,0.02,16,PRUNED
279,279,-1.1444236,2021-03-19 11:58:41.549566,2021-03-19 12:08:25.466200,0 days 00:09:43.916634000,256,10000,auto,0.98,0,-2.0596910145691365,0.011561121587737184,medium,0.02,16,PRUNED
280,280,-1.6584578,2021-03-19 12:08:25.467579,2021-03-19 12:13:03.598028,0 days 00:04:38.130449000,256,10000,auto,0.9999,10000,0.7928949710369887,0.004461883425839848,medium,0.02,128,PRUNED
281,281,-0.44498180000000004,2021-03-19 12:10:17.611632,2021-03-19 12:15:06.268270,0 days 00:04:48.656638000,512,1000000,auto,0.995,10000,-1.9614230783883506,0.004451496807707304,medium,0.02,128,PRUNED
282,282,1.2342844,2021-03-19 12:13:03.599246,2021-03-19 12:21:10.156286,0 days 00:08:06.557040000,512,1000000,auto,0.995,0,-1.9584048680561703,0.002371007652683693,medium,0.001,32,PRUNED
283,283,72.31891879999999,2021-03-19 12:15:06.269771,2021-03-19 12:24:25.835399,0 days 00:09:19.565628000,2048,10000,auto,0.9999,0,-0.8495631333819482,0.005929132565529334,medium,0.001,32,PRUNED
284,284,-0.0335478,2021-03-19 12:21:10.157887,2021-03-19 12:30:11.779160,0 days 00:09:01.621273000,2048,10000,auto,0.9999,1000,-0.8657389571509595,0.006083971833452625,medium,0.01,256,PRUNED
285,285,0.19411099999999998,2021-03-19 12:24:25.836806,2021-03-19 12:33:05.430803,0 days 00:08:39.593997000,256,10000,auto,0.98,1000,-1.782988241839155,0.007548597110816933,big,0.01,256,PRUNED
286,286,11.052595,2021-03-19 12:30:11.780573,2021-03-19 12:39:10.719547,0 days 00:08:58.938974000,256,10000,auto,0.98,0,-2.215241647135636,0.007947564036691399,big,0.02,512,PRUNED
287,287,-342.4624218,2021-03-19 12:33:05.432179,2021-03-19 12:57:16.317659,0 days 00:24:10.885480000,256,10000,auto,0.9999,0,-2.7493287624100953,0.003453423305514999,medium,0.02,512,COMPLETE
288,288,2.2466884,2021-03-19 12:39:10.720768,2021-03-19 12:47:31.037581,0 days 00:08:20.316813000,256,10000,auto,0.9999,0,-1.332729542913386,0.0005659640507087613,medium,0.02,16,PRUNED
289,289,866.8333065999999,2021-03-19 12:47:31.039238,2021-03-19 13:14:55.275422,0 days 00:27:24.236184000,1024,10000,auto,0.99,1000,-2.8343181073637997,0.003595659030920516,medium,0.02,16,COMPLETE
290,290,-0.1810578,2021-03-19 12:57:16.319903,2021-03-19 13:05:30.935461,0 days 00:08:14.615558000,1024,10000,auto,0.99,1000,-2.2730392503615593,0.005265421140691144,medium,0.02,16,PRUNED
291,291,835.6585492,2021-03-19 13:05:30.939007,2021-03-19 13:31:34.189128,0 days 00:26:03.250121000,512,10000,auto,0.9999,0,-2.8878477408604506,0.010001234019980317,medium,0.01,16,COMPLETE
292,292,-0.6142852,2021-03-19 13:14:55.277635,2021-03-19 13:22:50.247995,0 days 00:07:54.970360000,512,10000,auto,0.9999,0,-1.7099428813244022,0.010462456316131371,medium,0.01,16,PRUNED
293,293,862.7386328,2021-03-19 13:22:50.251743,2021-03-19 13:46:47.365118,0 days 00:23:57.113375000,256,10000,auto,0.9999,0,-2.975122637113186,0.0028305904894297693,medium,0.02,256,COMPLETE
294,294,397.28412320000007,2021-03-19 13:31:34.191173,2021-03-19 13:38:21.852628,0 days 00:06:47.661455000,256,10000,auto,0.98,10000,-1.8635530021333877,0.002873031710708113,medium,0.02,256,PRUNED
295,295,918.7410124,2021-03-19 13:38:21.854255,2021-03-19 14:02:52.142249,0 days 00:24:30.287994000,256,10000,auto,0.9999,1000,-1.05273727274021,0.0022156673710512203,medium,0.02,8,COMPLETE
296,296,46.1744352,2021-03-19 13:46:47.367230,2021-03-19 13:54:18.219394,0 days 00:07:30.852164000,256,1000000,auto,0.999,1000,-1.0107470300852424,0.005113540571713761,medium,0.02,8,PRUNED
297,297,834.4744504,2021-03-19 13:54:18.220612,2021-03-19 14:18:29.064060,0 days 00:24:10.843448000,256,10000,auto,0.9999,1000,-2.047177344713837,0.0013353338976611379,medium,0.01,16,COMPLETE
298,298,952.162531,2021-03-19 14:02:52.144203,2021-03-19 14:26:35.891610,0 days 00:23:43.747407000,256,10000,auto,0.98,0,-0.945161608386392,0.0022458049747161213,medium,0.01,8,COMPLETE
299,299,936.3077063999999,2021-03-19 14:18:29.066247,2021-03-19 14:41:49.944207,0 days 00:23:20.877960000,256,10000,auto,0.98,0,-1.0824797799480228,0.002280664436411874,medium,0.02,8,COMPLETE
300,300,0.7351524,2021-03-19 14:26:35.893620,2021-03-19 14:33:33.213400,0 days 00:06:57.319780000,256,10000,auto,0.98,0,-0.9354708346336977,0.002205771542832976,medium,0.01,8,PRUNED
301,301,4.9888102000000005,2021-03-19 14:33:33.214602,2021-03-19 14:38:12.650191,0 days 00:04:39.435589000,256,10000,auto,0.98,10000,-1.133780130544792,0.002382101715114947,medium,0.01,8,PRUNED
302,302,-0.157835,2021-03-19 14:38:12.651222,2021-03-19 14:45:07.029702,0 days 00:06:54.378480000,256,10000,auto,0.98,0,-1.0566985465926215,0.021652664915487868,medium,0.01,8,PRUNED
303,303,3.1246388000000005,2021-03-19 14:41:49.946656,2021-03-19 14:48:46.897636,0 days 00:06:56.950980000,256,10000,auto,0.98,0,-0.9486159225929437,0.003472645904592935,medium,0.01,8,PRUNED
304,304,109.2614798,2021-03-19 14:45:07.031024,2021-03-19 14:52:05.748674,0 days 00:06:58.717650000,256,10000,auto,0.98,0,-0.9569105478223715,0.003212558738378204,medium,0.01,8,PRUNED
305,305,-1.0964665999999998,2021-03-19 14:48:46.899376,2021-03-19 14:55:46.349457,0 days 00:06:59.450081000,256,10000,auto,0.98,0,-1.2697904728394933,0.002841451254361651,medium,0.01,8,PRUNED
306,306,-0.0086634,2021-03-19 14:52:05.749987,2021-03-19 14:59:06.628203,0 days 00:07:00.878216000,256,10000,auto,0.98,0,-0.7412364918203507,0.013596126870226826,medium,0.01,8,PRUNED
307,307,98.692774,2021-03-19 14:55:46.350272,2021-03-19 15:02:42.951695,0 days 00:06:56.601423000,256,10000,auto,0.98,0,-1.1147701206584204,0.013858814796220214,medium,0.01,16,PRUNED
308,308,13.7729416,2021-03-19 14:59:06.630607,2021-03-19 15:06:02.316744,0 days 00:06:55.686137000,256,10000,auto,0.98,0,-1.132504504085274,0.0018801722744398919,medium,0.01,8,PRUNED
309,309,0.0346684,2021-03-19 15:02:42.952756,2021-03-19 15:09:47.577915,0 days 00:07:04.625159000,256,100000,auto,0.98,0,-2.1780997025017115,0.004310071768746729,medium,0.01,8,PRUNED
310,310,18.9480056,2021-03-19 15:06:02.317983,2021-03-19 15:08:10.386661,0 days 00:02:08.068678000,256,100000,auto,0.98,20000,-0.814766522552505,0.004217900724594378,medium,0.02,8,PRUNED
311,311,86.2771668,2021-03-19 15:08:10.388744,2021-03-19 15:15:02.751226,0 days 00:06:52.362482000,256,10000,auto,0.98,0,-2.151342031055854,0.006668563667443271,medium,0.001,64,PRUNED
312,312,0.1267014,2021-03-19 15:09:47.578824,2021-03-19 15:16:33.611685,0 days 00:06:46.032861000,256,10000,auto,0.995,0,-2.3866541184365566,0.0013676374751165482,medium,0.001,64,PRUNED
313,313,-399.85706,2021-03-19 15:15:02.752482,2021-03-19 15:20:46.023759,0 days 00:05:43.271277000,2048,10000,auto,0.995,10000,-1.4261514335544234,0.009002524151902561,medium,0.02,16,PRUNED
314,314,24.455895599999998,2021-03-19 15:16:33.613395,2021-03-19 15:25:22.130739,0 days 00:08:48.517344000,2048,10000,auto,0.98,0,-1.4471525872748474,0.008636125982318514,medium,0.02,16,PRUNED
315,315,-0.023500399999999998,2021-03-19 15:20:46.024643,2021-03-19 15:28:46.329101,0 days 00:08:00.304458000,1024,10000,auto,0.98,0,-3.2434487412640944,0.0026617267363287867,medium,0.02,16,PRUNED
316,316,15.941383400000001,2021-03-19 15:25:22.134403,2021-03-19 15:33:38.000373,0 days 00:08:15.865970000,1024,10000,auto,0.98,0,-1.8894045443229226,0.0026229232536271753,medium,0.02,16,PRUNED
317,317,0.033701400000000006,2021-03-19 15:28:46.330303,2021-03-19 15:35:41.292250,0 days 00:06:54.961947000,256,10000,auto,0.98,0,-1.9117058836095602,0.005216974443915217,medium,0.02,16,PRUNED
318,318,762.6017429999999,2021-03-19 15:33:38.001605,2021-03-19 15:48:26.693141,0 days 00:14:48.691536000,256,10000,auto,0.98,10000,-1.7088730158215348,0.001856054958878045,medium,0.01,32,PRUNED
319,319,16.9993132,2021-03-19 15:35:41.293400,2021-03-19 15:40:02.950089,0 days 00:04:21.656689000,256,10000,auto,0.99,10000,-1.2308689701215407,0.0019438877285612305,medium,0.01,32,PRUNED
320,320,1058.7916948,2021-03-19 15:40:02.951434,2021-03-19 16:02:54.904144,0 days 00:22:51.952710000,256,10000,auto,0.98,0,-1.684067515009045,0.0037568285396303264,medium,0.02,16,COMPLETE
321,321,-399.8737056,2021-03-19 15:48:26.694459,2021-03-19 15:54:59.880140,0 days 00:06:33.185681000,256,10000,auto,0.9999,0,-3.837492852486118,0.003871292833339322,medium,0.02,16,PRUNED
322,322,233.86206359999997,2021-03-19 15:54:59.881733,2021-03-19 16:01:55.611586,0 days 00:06:55.729853000,256,10000,auto,0.995,0,-2.0466690758098833,0.007258864558364893,medium,0.02,16,PRUNED
323,323,45.1921616,2021-03-19 16:01:55.613673,2021-03-19 16:09:05.774084,0 days 00:07:10.160411000,256,10000,auto,0.9999,0,-2.270148098249892,0.005595133424869713,medium,0.02,16,PRUNED
324,324,-280.26086019999997,2021-03-19 16:02:54.906358,2021-03-19 16:09:44.207520,0 days 00:06:49.301162000,256,10000,auto,0.98,1000,-1.595476986645764,0.003656144734644639,medium,0.01,16,PRUNED
325,325,-1.2294991999999998,2021-03-19 16:09:05.775366,2021-03-19 16:15:37.062010,0 days 00:06:31.286644000,256,10000,auto,0.98,1000,-1.6150414424939068,0.0010552858260039612,medium,0.01,16,PRUNED
326,326,121.2523238,2021-03-19 16:09:44.208381,2021-03-19 16:16:32.294680,0 days 00:06:48.086299000,256,10000,auto,0.98,0,-1.7461802944677713,0.0009951425402499464,medium,0.02,16,PRUNED
327,327,0.031727799999999994,2021-03-19 16:15:37.063134,2021-03-19 16:22:28.037157,0 days 00:06:50.974023000,256,10000,auto,0.98,0,-1.8134508047703264,0.0024043334150535894,medium,0.02,16,PRUNED
328,328,81.58525979999999,2021-03-19 16:16:32.295962,2021-03-19 16:23:25.479840,0 days 00:06:53.183878000,256,10000,auto,0.98,0,-1.7705375295813655,0.0015839886324608577,medium,0.02,16,PRUNED
329,329,137.4665032,2021-03-19 16:22:28.038881,2021-03-19 16:29:13.044314,0 days 00:06:45.005433000,256,10000,auto,0.98,1000,-0.8938217071308345,0.006816136512412249,medium,0.02,16,PRUNED
330,330,-0.11130979999999999,2021-03-19 16:23:25.480791,2021-03-19 16:31:20.316989,0 days 00:07:54.836198000,256,10000,auto,0.98,1000,-1.5048990492899628,0.0069138081315233,medium,0.01,16,PRUNED
331,331,-0.16651660000000001,2021-03-19 16:29:13.045391,2021-03-19 16:33:55.727937,0 days 00:04:42.682546000,256,10000,auto,0.98,10000,-2.0004112201946893,0.0031058661756612,medium,0.01,8,PRUNED
332,332,-0.13416080000000002,2021-03-19 16:31:20.317986,2021-03-19 16:36:07.052145,0 days 00:04:46.734159000,1024,10000,auto,0.999,10000,-1.996945073001205,1.7115389517110323e-05,medium,0.005,8,PRUNED
333,333,-0.28704460000000004,2021-03-19 16:33:55.729334,2021-03-19 16:43:26.125552,0 days 00:09:30.396218000,1024,10000,auto,0.999,0,-1.66231094241288,0.017308273487114972,medium,0.02,16,PRUNED
334,334,0.4448856,2021-03-19 16:36:07.053640,2021-03-19 16:42:35.967165,0 days 00:06:28.913525000,256,10000,auto,0.995,0,-1.6709497199740813,0.011246098617934663,medium,0.02,16,PRUNED
335,335,-0.41467639999999995,2021-03-19 16:42:35.970659,2021-03-19 16:49:08.237945,0 days 00:06:32.267286000,256,10000,auto,0.98,0,0.034428362665379186,0.01826230992147043,medium,0.02,16,PRUNED
336,336,23.1727632,2021-03-19 16:43:26.126303,2021-03-19 16:45:23.436363,0 days 00:01:57.310060000,256,10000,auto,0.98,20000,-2.389453626093443,0.004960725951798558,medium,0.02,16,PRUNED
337,337,-0.9937376,2021-03-19 16:45:23.438077,2021-03-19 16:54:27.951276,0 days 00:09:04.513199000,2048,10000,auto,0.99,1000,0.4658483684968636,0.0038535116359591543,medium,0.01,16,PRUNED
338,338,0.19381639999999997,2021-03-19 16:49:08.239336,2021-03-19 16:58:25.920965,0 days 00:09:17.681629000,2048,10000,auto,0.99,1000,-1.3199028007864881,0.003933121000493109,medium,0.01,16,PRUNED
339,339,89.415629,2021-03-19 16:54:27.952723,2021-03-19 17:01:59.988173,0 days 00:07:32.035450000,256,10000,auto,0.9999,0,-1.328167572938653,0.005440644391306432,medium,0.02,16,PRUNED
340,340,-3.300000000000039e-05,2021-03-19 16:58:25.922347,2021-03-19 17:06:46.355183,0 days 00:08:20.432836000,256,10000,auto,0.9999,0,-2.177399563432045,0.002173654406961748,medium,0.02,64,PRUNED
341,341,43.28427739999999,2021-03-19 17:01:59.989831,2021-03-19 17:09:23.591699,0 days 00:07:23.601868000,256,10000,auto,0.9999,0,-2.1224350256686293,0.0022068602543009754,medium,0.001,64,PRUNED
342,342,-0.3084638,2021-03-19 17:06:46.356325,2021-03-19 17:13:55.889062,0 days 00:07:09.532737000,256,10000,auto,0.98,1000,-0.7698670331679216,0.00911247210216662,medium,0.001,8,PRUNED
343,343,1011.8014128000001,2021-03-19 17:09:23.592926,2021-03-19 17:33:01.770364,0 days 00:23:38.177438000,256,10000,auto,0.98,1000,-0.7818977193148651,0.00928211170332364,medium,0.02,8,COMPLETE
344,344,784.330701,2021-03-19 17:13:55.890480,2021-03-19 17:40:04.159348,0 days 00:26:08.268868000,256,10000,auto,0.9999,0,-0.6412352055208573,0.0013274625322321726,medium,0.02,16,COMPLETE
345,345,933.0883546000001,2021-03-19 17:33:01.772363,2021-03-19 17:55:39.560931,0 days 00:22:37.788568000,256,10000,auto,0.98,1000,-0.662847792498084,0.012260394260619015,medium,0.02,8,COMPLETE
346,346,-0.029089999999999998,2021-03-19 17:40:04.161643,2021-03-19 17:47:56.072786,0 days 00:07:51.911143000,1024,10000,auto,0.98,1000,-3.4145266780745063,0.012223263262532218,medium,0.01,8,PRUNED
347,347,-399.9018832,2021-03-19 17:47:56.075876,2021-03-19 17:54:49.849790,0 days 00:06:53.773914000,256,10000,auto,0.98,1000,-0.8693922069471473,0.008831567535542753,medium,0.02,8,PRUNED
348,348,-399.8954388,2021-03-19 17:54:49.851357,2021-03-19 18:02:12.416715,0 days 00:07:22.565358000,256,10000,auto,0.98,1000,-1.010210249768994,0.007699634265253986,medium,0.02,8,PRUNED
349,349,15.020582,2021-03-19 17:55:39.562959,2021-03-19 18:02:31.687815,0 days 00:06:52.124856000,256,10000,auto,0.98,1000,-0.7026779035928908,0.015316533554316794,medium,0.02,8,PRUNED
350,350,803.7084716,2021-03-19 18:02:12.418029,2021-03-19 18:28:23.874858,0 days 00:26:11.456829000,256,10000,auto,0.98,1000,-0.5978081849948462,0.014313227785784453,medium,0.01,8,COMPLETE
351,351,7.599857,2021-03-19 18:02:31.688722,2021-03-19 18:26:51.865163,0 days 00:24:20.176441000,256,10000,auto,0.98,1000,-0.5602099898569173,0.012087909620877534,medium,0.01,8,COMPLETE
352,352,5.9822006,2021-03-19 18:26:51.867384,2021-03-19 18:34:18.028418,0 days 00:07:26.161034000,256,10000,auto,0.98,1000,-0.31449726098750197,0.010275283556370637,medium,0.01,8,PRUNED
353,353,4.9352018,2021-03-19 18:28:23.876986,2021-03-19 18:36:37.478487,0 days 00:08:13.601501000,1024,10000,auto,0.98,1000,-0.3236663064384037,0.009616090118977502,medium,0.02,8,PRUNED
354,354,-0.937566,2021-03-19 18:34:18.029696,2021-03-19 18:43:06.777111,0 days 00:08:48.747415000,1024,10000,auto,0.98,1000,-0.47290348108452845,0.009371285410043987,medium,0.02,8,PRUNED
355,355,-0.2160028,2021-03-19 18:36:37.480022,2021-03-19 18:46:11.593100,0 days 00:09:34.113078000,2048,10000,auto,0.98,1000,-0.7628722439390614,0.006372717600087967,medium,0.02,8,PRUNED
356,356,-0.0899796,2021-03-19 18:43:06.778368,2021-03-19 18:53:00.612932,0 days 00:09:53.834564000,2048,10000,auto,0.98,1000,-0.7402131333899102,0.006162233877798031,medium,0.02,8,PRUNED
357,357,1094.1775148000002,2021-03-19 18:46:11.594465,2021-03-19 19:11:00.882512,0 days 00:24:49.288047000,256,10000,auto,0.98,1000,-0.7855791734205045,0.007492401468617787,medium,0.02,8,COMPLETE
358,358,-370.99386599999997,2021-03-19 18:53:00.616613,2021-03-19 18:59:57.102478,0 days 00:06:56.485865000,256,10000,auto,0.98,1000,-0.6674258725085639,0.007690007772345485,medium,0.01,512,PRUNED
359,359,-0.010734400000000005,2021-03-19 18:59:57.103883,2021-03-19 19:07:26.494646,0 days 00:07:29.390763000,256,10000,auto,0.995,1000,-0.9459004052967585,0.011832698971146584,medium,0.02,128,PRUNED
360,360,6.401783999999999,2021-03-19 19:07:26.495869,2021-03-19 19:14:37.823417,0 days 00:07:11.327548000,256,10000,auto,0.98,1000,-0.830783034182876,0.005464652439340533,medium,0.02,32,PRUNED
361,361,30.008231799999997,2021-03-19 19:11:00.884492,2021-03-19 19:18:34.979546,0 days 00:07:34.095054000,256,10000,auto,0.98,1000,-0.7955982298919878,0.005041091835202784,medium,0.01,32,PRUNED
362,362,0.9628316,2021-03-19 19:14:37.824421,2021-03-19 19:21:39.170408,0 days 00:07:01.345987000,256,10000,auto,0.98,1000,-0.9665617098483561,0.00473067498522468,medium,0.01,16,PRUNED
363,363,485.2972186,2021-03-19 19:18:34.980872,2021-03-19 19:27:53.260653,0 days 00:09:18.279781000,256,10000,auto,0.98,1000,-1.0103261257028897,0.007982118970488993,medium,0.005,16,PRUNED
364,364,884.8716718,2021-03-19 19:21:39.171615,2021-03-19 19:45:20.157599,0 days 00:23:40.985984000,256,10000,auto,0.995,0,-1.0659763323981215,0.007478097880011268,medium,0.005,8,COMPLETE
365,365,1276.8187619999997,2021-03-19 19:27:53.261951,2021-03-19 19:51:17.925432,0 days 00:23:24.663481000,256,10000,auto,0.995,0,-1.1874876869744126,0.005958072464869838,medium,0.02,8,COMPLETE
366,366,816.3336666000001,2021-03-19 19:45:20.160034,2021-03-19 20:05:15.257939,0 days 00:19:55.097905000,1024,100000,auto,0.98,0,-0.848751142869115,0.006259569883821695,medium,0.02,16,PRUNED
367,367,0.0638262,2021-03-19 19:51:17.927597,2021-03-19 19:57:57.737232,0 days 00:06:39.809635000,256,100000,auto,0.995,0,-1.2074293425720752,0.0063601678843742395,medium,0.02,8,PRUNED
368,368,916.9221318,2021-03-19 19:57:57.738559,2021-03-19 20:21:04.155429,0 days 00:23:06.416870000,256,10000,auto,0.995,1000,-1.1753122459847716,0.0064105008892457755,medium,0.02,8,COMPLETE
369,369,-0.32780719999999997,2021-03-19 20:05:15.259142,2021-03-19 20:11:57.859251,0 days 00:06:42.600109000,256,10000,auto,0.995,1000,-1.5299950710595855,0.008515316097306621,medium,0.02,8,PRUNED
370,370,0.7176802,2021-03-19 20:11:57.860346,2021-03-19 20:18:51.860439,0 days 00:06:54.000093000,256,10000,auto,0.995,0,-1.125673777078279,0.0032411841705347424,medium,0.01,8,PRUNED
371,371,355.57217099999997,2021-03-19 20:18:51.861506,2021-03-19 20:25:28.091120,0 days 00:06:36.229614000,256,10000,auto,0.995,1000,-1.1737975826938571,0.004563524699725308,medium,0.02,8,PRUNED
372,372,1006.5165638000001,2021-03-19 20:21:04.157551,2021-03-19 20:44:55.279329,0 days 00:23:51.121778000,256,10000,auto,0.995,0,-1.8426965839944536,0.004593642717915694,medium,0.01,8,COMPLETE
373,373,-264.80992159999994,2021-03-19 20:25:28.092298,2021-03-19 20:27:30.531961,0 days 00:02:02.439663000,256,10000,auto,0.995,20000,-0.8897009659915296,0.010275798072995342,medium,0.01,8,PRUNED
374,374,332.8117666,2021-03-19 20:27:30.533072,2021-03-19 20:34:26.137431,0 days 00:06:55.604359000,256,10000,auto,0.98,0,-1.8667092569315875,0.007456742977222607,medium,0.001,16,PRUNED
375,375,-0.1411188,2021-03-19 20:34:26.138568,2021-03-19 20:41:19.298196,0 days 00:06:53.159628000,256,10000,auto,0.995,0,-1.3878789635636388,0.0037504489912131094,medium,0.02,16,PRUNED
376,376,77.74893060000001,2021-03-19 20:41:19.299276,2021-03-19 20:48:29.539793,0 days 00:07:10.240517000,256,10000,auto,0.98,0,-1.7615959661413962,0.005219027760114158,medium,0.01,16,PRUNED
377,377,-0.5504312,2021-03-19 20:44:55.281179,2021-03-19 20:51:32.693939,0 days 00:06:37.412760000,256,10000,auto,0.995,1000,-1.763806638830288,0.00460770460321477,medium,0.01,8,PRUNED
378,378,920.9155215999999,2021-03-19 20:48:29.540926,2021-03-19 21:16:52.690837,0 days 00:28:23.149911000,256,10000,auto,0.995,1000,-1.8061779215294296,0.0031630033753112926,big,0.01,8,COMPLETE
379,379,-0.0589584,2021-03-19 20:51:32.695255,2021-03-19 20:59:38.439047,0 days 00:08:05.743792000,256,10000,auto,0.995,0,-1.8517176138623683,0.002862169206066631,big,0.01,8,PRUNED
380,380,327.5730074,2021-03-19 20:59:38.440354,2021-03-19 21:09:37.382565,0 days 00:09:58.942211000,2048,10000,auto,0.995,1000,-0.5640555307038084,0.003192796949383513,medium,0.01,8,PRUNED
381,381,8.5182828,2021-03-19 21:09:37.383897,2021-03-19 21:18:46.278441,0 days 00:09:08.894544000,1024,10000,auto,0.995,0,-1.6718068585818258,0.0037671164711684593,medium,0.01,8,PRUNED
382,382,904.5771826,2021-03-19 21:16:52.692908,2021-03-19 21:43:35.060829,0 days 00:26:42.367921000,1024,10000,auto,0.995,0,-1.6599032504472786,0.004325234013945645,medium,0.01,8,COMPLETE
383,383,879.4802073999999,2021-03-19 21:18:46.279618,2021-03-19 21:41:44.565031,0 days 00:22:58.285413000,256,10000,auto,0.99,0,-1.894419487037677,0.005813269258704719,medium,0.01,8,COMPLETE
384,384,302.49936660000003,2021-03-19 21:41:44.567169,2021-03-19 21:48:16.147915,0 days 00:06:31.580746000,256,10000,auto,0.995,1000,-0.741361210301926,0.0025127156247116513,medium,0.01,8,PRUNED
385,385,-1.1016679999999999,2021-03-19 21:43:35.062556,2021-03-19 21:50:15.958784,0 days 00:06:40.896228000,256,10000,auto,0.98,1000,-0.7545926078736878,0.002537560305692289,medium,0.01,64,PRUNED
386,386,444.59738699999997,2021-03-19 21:48:16.149192,2021-03-19 21:55:13.018416,0 days 00:06:56.869224000,256,10000,auto,0.98,0,-1.9547226487297713,0.008801155431882209,medium,0.01,8,PRUNED
387,387,-0.2004708,2021-03-19 21:50:15.959938,2021-03-19 21:57:11.801921,0 days 00:06:55.841983000,256,10000,auto,0.98,0,-1.931580638338856,0.008775250779484326,medium,0.01,8,PRUNED
388,388,0.5495976,2021-03-19 21:55:13.019745,2021-03-19 22:01:45.206215,0 days 00:06:32.186470000,256,10000,auto,0.98,0,-0.41829399321921157,0.005588492509666451,medium,0.001,16,PRUNED
389,389,-1.1252,2021-03-19 21:57:11.803125,2021-03-19 22:05:52.225353,0 days 00:08:40.422228000,2048,10000,auto,0.98,1000,-0.4563166154649029,0.005458342093093026,medium,0.001,16,PRUNED
390,390,-320.9891698,2021-03-19 22:01:45.207557,2021-03-19 22:12:19.584267,0 days 00:10:34.376710000,2048,10000,auto,0.98,1000,-1.5661419907804843,0.007396360912551363,medium,0.02,32,PRUNED
391,391,358.80003560000006,2021-03-19 22:05:52.226338,2021-03-19 22:12:23.845703,0 days 00:06:31.619365000,256,10000,auto,0.995,1000,-0.9080600302740705,0.010906768519040074,medium,0.02,32,PRUNED
392,392,0.0280694,2021-03-19 22:12:19.585556,2021-03-19 22:19:49.853429,0 days 00:07:30.267873000,256,10000,auto,0.995,0,-0.6260015085444751,0.0019778262174615104,medium,0.02,128,PRUNED
393,393,564.778007,2021-03-19 22:12:23.846809,2021-03-19 22:21:22.811664,0 days 00:08:58.964855000,256,10000,auto,0.98,0,-3.5500652661959258,0.003617824676242038,medium,0.02,128,PRUNED
394,394,103.3674426,2021-03-19 22:19:49.854727,2021-03-19 22:26:27.294651,0 days 00:06:37.439924000,256,10000,auto,0.99,0,-1.803842662528402,0.0036174468786530985,medium,0.01,16,PRUNED
395,395,0.48522479999999996,2021-03-19 22:21:22.812808,2021-03-19 22:29:24.957794,0 days 00:08:02.144986000,1024,10000,auto,0.99,0,-2.082601398326509,0.0042585920431772555,medium,0.01,16,PRUNED
396,396,109.23778040000002,2021-03-19 22:26:27.295895,2021-03-19 22:34:44.548639,0 days 00:08:17.252744000,1024,10000,auto,0.98,1000,-0.9828839089196341,0.0016966412039997642,medium,0.02,16,PRUNED
397,397,-160.3188534,2021-03-19 22:29:24.958947,2021-03-19 22:36:05.886806,0 days 00:06:40.927859000,256,10000,auto,0.98,1000,-0.9778272642537413,0.0016961666580525773,medium,0.02,8,PRUNED
398,398,716.5823042000001,2021-03-19 22:34:44.549584,2021-03-19 22:58:20.809479,0 days 00:23:36.259895000,256,10000,auto,0.98,1000,-1.4917937594126673,0.006950725221343302,medium,0.02,512,COMPLETE
399,399,46.383684599999995,2021-03-19 22:36:05.887968,2021-03-19 22:37:54.641197,0 days 00:01:48.753229000,256,10000,auto,0.98,20000,-1.692385118318958,0.0068446847729349515,medium,0.02,512,PRUNED
400,400,808.4432386,2021-03-19 22:37:54.642452,2021-03-19 23:01:35.518562,0 days 00:23:40.876110000,256,10000,auto,0.999,0,-0.7963668872086894,0.004812003728673497,medium,0.01,64,COMPLETE
401,401,-1.1956038000000002,2021-03-19 22:58:20.811659,2021-03-19 23:05:17.615250,0 days 00:06:56.803591000,256,10000,auto,0.999,0,-2.3136666775274928,0.01087368181679133,medium,0.01,64,PRUNED
402,402,-2.1490477999999995,2021-03-19 23:01:35.520589,2021-03-19 23:06:04.466036,0 days 00:04:28.945447000,256,10000,auto,0.995,10000,-2.011071544127953,0.00273590883250458,medium,0.01,16,PRUNED
403,403,382.12355379999997,2021-03-19 23:05:17.616611,2021-03-19 23:09:46.180852,0 days 00:04:28.564241000,256,10000,auto,0.995,10000,-2.481198445375837,0.0029023072221351547,medium,0.02,16,PRUNED
404,404,58.909768599999985,2021-03-19 23:06:04.467015,2021-03-19 23:12:45.574229,0 days 00:06:41.107214000,256,10000,auto,0.98,0,-1.5740674958183951,0.005668308780650121,medium,0.02,8,PRUNED
405,405,-0.49926119999999996,2021-03-19 23:09:46.182176,2021-03-19 23:18:21.934125,0 days 00:08:35.751949000,256,10000,auto,0.98,0,-0.8838813286173082,0.01662047535405884,big,0.02,8,PRUNED
406,406,-0.193547,2021-03-19 23:12:45.575214,2021-03-19 23:20:50.398263,0 days 00:08:04.823049000,256,10000,auto,0.98,1000,-1.8246581388844096,0.015231482736344362,big,0.02,16,PRUNED
407,407,-160.7066464,2021-03-19 23:18:21.935304,2021-03-19 23:28:46.887794,0 days 00:10:24.952490000,2048,10000,auto,0.98,1000,-1.857577822834304,0.008001522075195378,medium,0.02,16,PRUNED
408,408,0.11817499999999999,2021-03-19 23:20:50.399680,2021-03-19 23:29:23.006296,0 days 00:08:32.606616000,2048,10000,auto,0.98,1000,-1.7165245789425003,0.004452096057356289,medium,0.01,16,PRUNED
409,409,-0.2885672,2021-03-19 23:28:46.889085,2021-03-19 23:38:37.983861,0 days 00:09:51.094776000,1024,10000,auto,0.98,0,-3.114299872095469,0.00977733342329606,medium,0.01,16,PRUNED
410,410,70.1056428,2021-03-19 23:29:23.007233,2021-03-19 23:37:20.398804,0 days 00:07:57.391571000,1024,10000,auto,0.995,0,-0.6713062805843317,0.009847004927752636,medium,0.01,8,PRUNED
411,411,185.95029659999997,2021-03-19 23:37:20.400371,2021-03-19 23:44:05.722967,0 days 00:06:45.322596000,256,10000,auto,0.9999,0,-1.0606760843321308,0.0013688222605476822,medium,0.02,16,PRUNED
412,412,535.0727770000001,2021-03-19 23:38:37.985178,2021-03-20 00:04:11.320527,0 days 00:25:33.335349000,256,10000,auto,0.9999,1000,-1.0731234183435157,0.0021116917445368837,medium,0.02,16,COMPLETE
413,413,-0.0226254,2021-03-19 23:44:05.724000,2021-03-19 23:50:44.736197,0 days 00:06:39.012197000,256,10000,auto,0.9999,1000,-2.2032649199834187,0.005906406025326596,medium,0.02,8,PRUNED
414,414,1198.5548286,2021-03-19 23:50:44.737359,2021-03-20 00:14:43.166285,0 days 00:23:58.428926000,256,10000,auto,0.98,0,-2.0677143659265402,0.004321353708441719,medium,0.02,16,COMPLETE
415,415,334.4890338,2021-03-20 00:04:11.322554,2021-03-20 00:11:31.040634,0 days 00:07:19.718080000,256,10000,auto,0.98,0,-2.0490673475567784,0.003750009742333487,medium,0.02,16,PRUNED
416,416,136.3817178,2021-03-20 00:11:31.041941,2021-03-20 00:19:50.064634,0 days 00:08:19.022693000,256,10000,auto,0.99,0,-1.6142573611870066,0.007467454991571163,medium,0.01,8,PRUNED
417,417,839.1940886,2021-03-20 00:14:43.168252,2021-03-20 00:32:15.944493,0 days 00:17:32.776241000,256,10000,auto,0.99,1000,-2.09503687977377,0.004583311908448818,medium,0.01,16,PRUNED
418,418,-79.53089539999999,2021-03-20 00:19:50.065965,2021-03-20 00:26:35.382476,0 days 00:06:45.316511000,256,10000,auto,0.995,1000,-1.9478647113240957,0.005000086570752214,medium,0.02,16,PRUNED
419,419,-0.789991,2021-03-20 00:26:35.383702,2021-03-20 00:33:45.211018,0 days 00:07:09.827316000,256,100000,auto,0.98,0,-2.2757817909957025,0.004435653149681827,medium,0.001,16,PRUNED
420,420,-0.0715314,2021-03-20 00:32:15.945588,2021-03-20 00:36:35.371126,0 days 00:04:19.425538000,256,10000,auto,0.98,10000,-2.2188204278951886,0.006068100177878874,medium,0.001,16,PRUNED
421,421,-2.0228082,2021-03-20 00:33:45.212309,2021-03-20 00:38:59.285455,0 days 00:05:14.073146000,1024,10000,auto,0.9999,10000,-2.0819060776405403,0.006526088806405528,medium,0.02,16,PRUNED
422,422,21.167471799999998,2021-03-20 00:36:35.372394,2021-03-20 00:45:01.732386,0 days 00:08:26.359992000,1024,10000,auto,0.9999,0,-1.9406076308015812,0.012816362186745145,medium,0.02,16,PRUNED
423,423,-1.4831328,2021-03-20 00:38:59.286684,2021-03-20 00:46:21.893938,0 days 00:07:22.607254000,256,10000,auto,0.995,0,-1.9511620335671382,0.011709327849493635,medium,0.005,16,PRUNED
424,424,-399.9130632,2021-03-20 00:45:01.733691,2021-03-20 00:52:04.666468,0 days 00:07:02.932777000,256,10000,auto,0.995,1000,-2.355216728804147,0.008684522985843178,medium,0.01,16,PRUNED
425,425,-0.7836588,2021-03-20 00:46:21.895159,2021-03-20 00:53:33.653353,0 days 00:07:11.758194000,256,10000,auto,0.98,1000,-1.8142727774455003,0.008208944337533474,medium,0.01,16,PRUNED
426,426,69.52768719999999,2021-03-20 00:52:04.667796,2021-03-20 01:01:01.565218,0 days 00:08:56.897422000,2048,10000,auto,0.98,1000,-1.793131259209419,0.003236858056367796,medium,0.02,16,PRUNED
427,427,-0.1516046,2021-03-20 00:53:33.654276,2021-03-20 01:02:55.301528,0 days 00:09:21.647252000,2048,10000,auto,0.9999,0,-2.1530665103296798,0.0036360775509870218,medium,0.02,32,PRUNED
428,428,189.98468459999998,2021-03-20 01:01:01.566434,2021-03-20 01:12:54.485230,0 days 00:11:52.918796000,256,10000,auto,0.9999,0,-0.5325982548985934,0.024523909210398827,medium,0.02,32,PRUNED
429,429,-0.0869828,2021-03-20 01:02:55.302908,2021-03-20 01:09:48.976274,0 days 00:06:53.673366000,256,10000,auto,0.9999,0,-0.577127572034922,0.00544143550458072,medium,0.01,16,PRUNED
430,430,338.5147044,2021-03-20 01:09:48.977567,2021-03-20 01:12:00.102746,0 days 00:02:11.125179000,256,10000,auto,0.98,20000,-2.0241627192774745,0.006768730501233841,medium,0.02,16,PRUNED
431,431,-0.27827919999999995,2021-03-20 01:12:00.104167,2021-03-20 01:19:14.345323,0 days 00:07:14.241156000,256,10000,auto,0.9999,0,-0.8123330330616403,0.00488549322682543,medium,0.02,16,PRUNED
432,432,32.2746112,2021-03-20 01:12:54.486562,2021-03-20 01:27:09.072792,0 days 00:14:14.586230000,256,10000,auto,0.98,1000,-0.7920407384588743,0.004243725223688128,big,0.01,16,PRUNED
433,433,-0.9566772,2021-03-20 01:19:14.346541,2021-03-20 01:26:09.901953,0 days 00:06:55.555412000,256,10000,auto,0.98,1000,-1.7070021379003057,0.0041876972895351664,medium,0.01,64,PRUNED
434,434,-1.8899578000000001,2021-03-20 01:26:09.903170,2021-03-20 01:34:20.141688,0 days 00:08:10.238518000,256,10000,auto,0.98,1000,-3.433992407294279,0.005767546567408022,big,0.02,16,PRUNED
435,435,885.5790384,2021-03-20 01:27:09.073969,2021-03-20 01:54:38.496074,0 days 00:27:29.422105000,1024,10000,auto,0.995,0,-1.8948156380112156,0.007036255600563523,medium,0.02,16,COMPLETE
436,436,912.4321990000001,2021-03-20 01:34:20.142793,2021-03-20 02:01:50.258483,0 days 00:27:30.115690000,1024,10000,auto,0.995,0,-2.5912835085267583,0.0030660596057750667,medium,0.02,16,COMPLETE
437,437,-1.0690636000000002,2021-03-20 01:54:38.498036,2021-03-20 02:01:04.904915,0 days 00:06:26.406879000,256,10000,auto,0.9999,0,-2.471270579030134,0.008749468181746782,medium,0.01,16,PRUNED
438,438,-0.33628480000000005,2021-03-20 02:01:04.906026,2021-03-20 02:08:19.492631,0 days 00:07:14.586605000,256,10000,auto,0.98,1000,-0.7012879670505187,0.003220072617228234,medium,0.02,16,PRUNED
439,439,0.6451774000000001,2021-03-20 02:01:50.260299,2021-03-20 02:09:01.626738,0 days 00:07:11.366439000,256,10000,auto,0.98,1000,-1.494911209249232,5.658492893115408e-05,medium,0.02,16,PRUNED
440,440,-399.920471,2021-03-20 02:08:19.493931,2021-03-20 02:12:52.340830,0 days 00:04:32.846899000,256,10000,auto,0.9999,10000,-1.6142373240348462,0.010141510437156,medium,0.01,16,PRUNED
441,441,2.5324326,2021-03-20 02:09:01.627649,2021-03-20 02:14:10.010563,0 days 00:05:08.382914000,256,1000000,auto,0.9999,10000,-1.6372742612524624,0.0057275898372945505,medium,0.01,16,PRUNED
442,442,1.5259838000000001,2021-03-20 02:12:52.341954,2021-03-20 02:20:10.285851,0 days 00:07:17.943897000,256,1000000,auto,0.9999,0,-2.1040553498088155,0.0052936774707864395,medium,0.01,64,PRUNED
443,443,23.526414999999997,2021-03-20 02:14:10.011422,2021-03-20 02:21:41.125610,0 days 00:07:31.114188000,256,10000,auto,0.98,0,-3.2917769850425236,0.007318308850658565,medium,0.02,64,PRUNED
444,444,-0.264548,2021-03-20 02:20:10.287154,2021-03-20 02:30:28.319285,0 days 00:10:18.032131000,2048,10000,auto,0.98,0,-2.3902162652578833,0.0026331137784453636,medium,0.02,16,PRUNED
445,445,28.8233608,2021-03-20 02:21:41.126390,2021-03-20 02:30:51.887131,0 days 00:09:10.760741000,2048,10000,auto,0.995,1000,-2.2647725617088947,0.002595954233897604,medium,0.02,16,PRUNED
446,446,-0.33908119999999997,2021-03-20 02:30:28.320787,2021-03-20 02:39:20.450207,0 days 00:08:52.129420000,256,10000,auto,0.99,1000,-2.2825085857746896,0.0038407091738130745,medium,0.001,8,PRUNED
447,447,-399.8663626,2021-03-20 02:30:51.887990,2021-03-20 02:37:16.084544,0 days 00:06:24.196554000,256,100000,auto,0.99,1000,-1.9934856605060958,0.013837433606337069,medium,0.001,8,PRUNED
448,448,-1.7155266,2021-03-20 02:37:16.085583,2021-03-20 02:44:10.253411,0 days 00:06:54.167828000,256,10000,auto,0.98,0,-1.7406816772797193,0.003785992803853451,medium,0.02,16,PRUNED
449,449,996.7762832000001,2021-03-20 02:39:20.451325,2021-03-20 03:06:33.478215,0 days 00:27:13.026890000,1024,10000,auto,0.98,0,-1.7521829501200872,0.007732427765491989,medium,0.02,16,COMPLETE
450,450,-0.3716482,2021-03-20 02:44:10.254574,2021-03-20 02:52:11.487930,0 days 00:08:01.233356000,1024,10000,auto,0.9999,0,-1.8966690957161256,0.00737949092714818,medium,0.01,32,PRUNED
451,451,1.0370934,2021-03-20 02:52:11.489318,2021-03-20 03:15:23.986983,0 days 00:23:12.497665000,256,10000,auto,0.98,0,-0.9249289344088437,0.011014700735678604,medium,0.02,16,COMPLETE
452,452,-0.21439819999999998,2021-03-20 03:06:33.480197,2021-03-20 03:13:55.460075,0 days 00:07:21.979878000,1024,10000,auto,0.98,0,-1.7235100773010372,0.009253566922092825,medium,0.02,16,PRUNED
453,453,7.110973199999999,2021-03-20 03:13:55.460998,2021-03-20 03:21:38.283226,0 days 00:07:42.822228000,1024,10000,auto,0.98,0,-1.808921260374141,0.01155217327174636,medium,0.02,16,PRUNED
454,454,905.2348297999999,2021-03-20 03:15:23.988527,2021-03-20 03:41:17.624363,0 days 00:25:53.635836000,1024,10000,auto,0.98,0,-1.8320949294524,0.01895165324143309,medium,0.02,16,COMPLETE
455,455,0.3755782,2021-03-20 03:21:38.284157,2021-03-20 03:29:24.608174,0 days 00:07:46.324017000,1024,10000,auto,0.98,0,-1.5285141320838191,0.006171255732359805,medium,0.02,16,PRUNED
456,456,0.05916700000000001,2021-03-20 03:29:24.609392,2021-03-20 03:37:06.550816,0 days 00:07:41.941424000,1024,10000,auto,0.98,0,-1.8614575858628977,0.00805173461589978,medium,0.02,16,PRUNED
457,457,288.3380784,2021-03-20 03:37:06.551715,2021-03-20 03:44:44.595264,0 days 00:07:38.043549000,1024,10000,auto,0.98,0,-1.6845017715271158,0.004761816744481013,medium,0.02,16,PRUNED
458,458,101.7308084,2021-03-20 03:41:17.626090,2021-03-20 03:49:04.190806,0 days 00:07:46.564716000,1024,10000,auto,0.98,0,-1.6570671058107902,0.005293642766972556,medium,0.02,16,PRUNED
459,459,0.1936988,2021-03-20 03:44:44.596283,2021-03-20 03:52:22.765493,0 days 00:07:38.169210000,1024,10000,auto,0.98,0,-2.1720309186527755,0.006802964208212056,medium,0.02,128,PRUNED
460,460,279.6015874,2021-03-20 03:49:04.192791,2021-03-20 03:55:34.015245,0 days 00:06:29.822454000,256,10000,auto,0.9999,0,-2.0040897371031723,0.007092188825256807,medium,0.02,128,PRUNED
461,461,0.0887724,2021-03-20 03:52:22.766607,2021-03-20 04:00:07.879454,0 days 00:07:45.112847000,256,10000,auto,0.9999,0,-2.023630333090187,0.008916112746777465,big,0.02,16,PRUNED
462,462,44.51537,2021-03-20 03:55:34.016083,2021-03-20 04:02:12.840984,0 days 00:06:38.824901000,256,10000,auto,0.999,0,-2.0887053100994293,0.009306690254046297,medium,0.005,16,PRUNED
463,463,-399.90867739999993,2021-03-20 04:00:07.880381,2021-03-20 04:06:40.214312,0 days 00:06:32.333931000,256,10000,auto,0.999,0,-1.4252286783204593,0.01365652764544469,medium,0.02,8,PRUNED
464,464,-400.2921322,2021-03-20 04:02:12.841949,2021-03-20 04:06:28.165995,0 days 00:04:15.324046000,256,10000,auto,0.98,10000,-1.7582854577533729,0.01409472871801366,medium,0.02,512,PRUNED
465,465,420.73459620000006,2021-03-20 04:06:28.167321,2021-03-20 04:12:49.099153,0 days 00:06:20.931832000,256,10000,auto,0.98,0,-1.4560274014385497,0.00012951685589066768,medium,0.02,8,PRUNED
466,466,-0.300389,2021-03-20 04:06:40.215284,2021-03-20 04:14:55.893388,0 days 00:08:15.678104000,1024,10000,auto,0.98,0,-1.9121932172666964,0.0056117495134865025,medium,0.02,16,PRUNED
467,467,268.15576,2021-03-20 04:12:49.100505,2021-03-20 04:15:10.693450,0 days 00:02:21.592945000,1024,10000,auto,0.9999,20000,-1.9130237786387925,0.0056401107787865555,medium,0.02,16,PRUNED
468,468,370.0024826,2021-03-20 04:14:55.894603,2021-03-20 04:17:11.527533,0 days 00:02:15.632930000,256,10000,auto,0.9999,20000,-2.2172364700033165,0.0042994842661821745,medium,0.02,16,PRUNED
469,469,909.4155582,2021-03-20 04:15:10.694838,2021-03-20 04:40:21.230424,0 days 00:25:10.535586000,256,10000,auto,0.9999,0,-2.1624296931468003,0.004397023603443759,medium,0.02,16,COMPLETE
470,470,2.6904946,2021-03-20 04:17:11.528892,2021-03-20 04:26:17.446773,0 days 00:09:05.917881000,256,1000000,auto,0.98,0,-1.5781399837228207,0.007126266858709847,medium,0.02,16,PRUNED
471,471,0.002624399999999999,2021-03-20 04:26:17.448245,2021-03-20 04:33:22.571867,0 days 00:07:05.123622000,256,10000,auto,0.98,0,-0.657824570341203,0.0008454737705206629,medium,0.02,8,PRUNED
472,472,,2021-03-20 04:33:22.572918,2021-03-20 04:37:50.707344,0 days 00:04:28.134426000,256,10000,auto,0.9999,10000,-2.1313651719212285,0.13692856776585613,medium,0.02,16,PRUNED
473,473,24.210526,2021-03-20 04:37:50.708853,2021-03-20 04:44:36.923175,0 days 00:06:46.214322000,256,10000,auto,0.98,0,-3.046674267013717,0.010214268549297315,medium,0.02,32,PRUNED
474,474,-1.033434,2021-03-20 04:40:21.232460,2021-03-20 04:48:43.308969,0 days 00:08:22.076509000,256,10000,auto,0.98,0,-1.7632092922048703,0.01079155743372214,big,0.02,8,PRUNED
475,475,8.010094200000001,2021-03-20 04:44:36.924303,2021-03-20 04:54:00.310992,0 days 00:09:23.386689000,256,10000,auto,0.98,1000,-1.7144414730661521,0.008291188769387777,big,0.02,8,PRUNED
476,476,0.5305142,2021-03-20 04:48:43.310355,2021-03-20 04:54:57.432367,0 days 00:06:14.122012000,256,100000,auto,0.9999,1000,-1.6086378791617515,0.007882285584405554,medium,0.001,16,PRUNED
477,477,11.6845688,2021-03-20 04:54:00.312015,2021-03-20 05:01:39.448228,0 days 00:07:39.136213000,1024,10000,auto,0.9999,0,-2.4002321423083584,0.006423999955491295,medium,0.001,16,PRUNED
478,478,38.779938599999994,2021-03-20 04:54:57.433682,2021-03-20 05:02:45.571640,0 days 00:07:48.137958000,1024,10000,auto,0.9999,0,-2.402168814280588,0.003482191266765962,medium,0.01,16,PRUNED
479,479,41.7940244,2021-03-20 05:01:39.449613,2021-03-20 05:08:27.850264,0 days 00:06:48.400651000,256,10000,auto,0.98,0,-1.856321205464806,0.003694447346564932,medium,0.01,16,PRUNED
480,480,178.4130926,2021-03-20 05:02:45.572517,2021-03-20 05:07:04.761454,0 days 00:04:19.188937000,256,10000,auto,0.98,10000,-1.9915355899221714,0.00029670099403345847,medium,0.01,64,PRUNED
481,481,-0.47206159999999997,2021-03-20 05:07:04.763159,2021-03-20 05:13:54.585693,0 days 00:06:49.822534000,256,10000,auto,0.99,1000,-2.6459473727412557,0.004979092202198805,medium,0.02,16,PRUNED
482,482,-0.10033220000000001,2021-03-20 05:08:27.851056,2021-03-20 05:15:23.415435,0 days 00:06:55.564379000,256,10000,auto,0.99,1000,-3.2172130903007585,0.004718900582682619,medium,0.02,16,PRUNED
483,483,-1.0852738,2021-03-20 05:13:54.587020,2021-03-20 05:20:58.705834,0 days 00:07:04.118814000,256,10000,auto,0.98,0,-0.6018321306604137,0.005996152330177051,medium,0.02,8,PRUNED
484,484,251.63890679999994,2021-03-20 05:15:23.416624,2021-03-20 05:22:32.056805,0 days 00:07:08.640181000,256,1000000,auto,0.98,0,-2.294068929039721,0.0061429175715983905,medium,0.02,8,PRUNED
485,485,-0.9589283999999999,2021-03-20 05:20:58.706931,2021-03-20 05:28:16.486584,0 days 00:07:17.779653000,256,1000000,auto,0.9999,0,-2.069529912957154,0.01196921974906871,medium,0.005,16,PRUNED
486,486,109.91060499999999,2021-03-20 05:22:32.058094,2021-03-20 05:29:32.451570,0 days 00:07:00.393476000,256,10000,auto,0.9999,1000,-1.8060937418508605,0.001121387538336038,medium,0.005,16,PRUNED
487,487,0.063789,2021-03-20 05:28:16.487798,2021-03-20 05:36:08.618850,0 days 00:07:52.131052000,1024,10000,auto,0.9999,1000,-2.553943732595438,0.0030754724085426057,medium,0.01,32,PRUNED
488,488,-0.044431000000000005,2021-03-20 05:29:32.452629,2021-03-20 05:37:38.346695,0 days 00:08:05.894066000,1024,10000,auto,0.98,0,-0.7038967247618075,0.008716798356347944,medium,0.01,16,PRUNED
489,489,-394.2672792,2021-03-20 05:36:08.620226,2021-03-20 05:42:44.660845,0 days 00:06:36.040619000,256,10000,auto,0.98,0,-1.5243210438115729,0.008484252302569294,medium,0.02,16,PRUNED
490,490,665.7520608,2021-03-20 05:37:38.347675,2021-03-20 06:00:05.680356,0 days 00:22:27.332681000,256,10000,auto,0.98,0,-1.6347889007875371,0.00472470164310568,medium,0.02,16,COMPLETE
491,491,421.10434139999995,2021-03-20 05:42:44.661968,2021-03-20 05:47:05.130870,0 days 00:04:20.468902000,256,10000,auto,0.98,10000,-1.9041802489498645,0.004451808260225905,medium,0.02,8,PRUNED
492,492,0.077885,2021-03-20 05:47:05.132228,2021-03-20 05:53:38.504763,0 days 00:06:33.372535000,256,10000,auto,0.9999,1000,-0.8320715803836389,0.007119253109573148,medium,0.02,512,PRUNED
493,493,194.852423,2021-03-20 05:53:38.505610,2021-03-20 06:00:21.892854,0 days 00:06:43.387244000,256,10000,auto,0.98,0,-1.6786461103369497,0.002025373492063596,medium,0.01,16,PRUNED
494,494,-0.35117319999999996,2021-03-20 06:00:05.682022,2021-03-20 06:07:00.056312,0 days 00:06:54.374290000,256,10000,auto,0.9999,1000,-0.4685538488646844,0.001983694448997072,medium,0.01,16,PRUNED
495,495,0.1930978,2021-03-20 06:00:21.893569,2021-03-20 06:07:22.257861,0 days 00:07:00.364292000,256,10000,auto,0.9999,1000,-0.4864039869995436,0.003354021872393606,medium,0.02,64,PRUNED
496,496,103.4220594,2021-03-20 06:07:00.057711,2021-03-20 06:13:23.313138,0 days 00:06:23.255427000,256,10000,auto,0.9999,0,-1.9722659948420531,0.0034537138327016123,medium,0.02,64,PRUNED
497,497,9.5332738,2021-03-20 06:07:22.259133,2021-03-20 06:17:09.904626,0 days 00:09:47.645493000,1024,10000,auto,0.98,0,-1.9698718575902092,0.016879257254587433,medium,0.02,8,PRUNED
498,498,0.0374888,2021-03-20 06:13:23.314324,2021-03-20 06:21:01.606716,0 days 00:07:38.292392000,1024,10000,auto,0.98,0,-2.1929693797605743,0.0014414507656323905,medium,0.02,8,PRUNED
499,499,0.7585767999999999,2021-03-20 06:17:09.905693,2021-03-20 06:21:18.822534,0 days 00:04:08.916841000,256,10000,auto,0.98,10000,-2.2110903227438823,0.005759923305852986,medium,0.01,16,PRUNED
