,number,value,datetime_start,datetime_complete,duration,params_batch_size,params_buffer_size,params_gamma,params_learning_starts,params_log_std_init,params_lr,params_net_arch,params_tau,params_train_freq,state
0,0,,2021-04-27 13:48:25.086404,2021-04-27 14:16:36.969737,0 days 00:28:11.883333000,32,100000,0.9999,20000,-1.8664966361126214,0.03196497516113261,medium,0.02,16,FAIL
1,1,-386.76256739999997,2021-04-27 13:48:25.088680,2021-04-27 14:07:09.640721,0 days 00:18:44.552041000,32,1000000,0.99,20000,-1.4355100951403799,0.3640650110987253,small,0.01,512,COMPLETE
2,2,1108.1237486,2021-04-27 13:48:25.092101,2021-04-27 14:20:34.704372,0 days 00:32:09.612271000,512,10000,0.9,20000,-3.4592629565875415,0.0007846283991006702,small,0.005,16,COMPLETE
3,3,871.8670102,2021-04-27 14:07:09.644048,2021-04-27 14:47:03.516927,0 days 00:39:53.872879000,1024,10000,0.999,20000,-0.8968042976683499,0.00029032059964988807,small,0.005,128,COMPLETE
4,4,1035.5367876,2021-04-27 14:16:36.972110,2021-04-27 16:09:22.847816,0 days 01:52:45.875706000,2048,100000,0.9999,20000,-2.5533672999025114,2.5690948300741802e-05,big,0.01,8,COMPLETE
5,5,-392.341084,2021-04-27 14:20:34.710283,2021-04-27 15:15:23.465882,0 days 00:54:48.755599000,64,100000,0.9999,10000,-2.071206969077083,0.7620402692017055,big,0.02,8,COMPLETE
6,6,263.04366139999996,2021-04-27 14:47:03.529088,2021-04-27 15:20:11.933777,0 days 00:33:08.404689000,256,1000000,0.99,0,-1.5088262320685963,1.2649074445958799e-05,small,0.005,16,COMPLETE
7,7,,2021-04-27 15:15:23.469637,2021-04-27 16:17:21.011074,0 days 01:01:57.541437000,512,10000,0.999,10000,-2.4583023573836718,0.04452707540254749,big,0.02,8,FAIL
8,8,-376.8911046,2021-04-27 15:20:11.938824,2021-04-27 15:39:23.225271,0 days 00:19:11.286447000,32,100000,0.99,10000,0.021406880822276264,0.042368808828660405,small,0.005,8,COMPLETE
9,9,589.7474988,2021-04-27 15:39:23.229986,2021-04-27 17:12:40.198308,0 days 01:33:16.968322000,1024,100000,0.999,1000,0.6282297588215808,3.919298510544758e-05,big,0.005,64,COMPLETE
10,10,681.2502204,2021-04-27 16:09:22.849569,2021-04-27 16:44:14.523469,0 days 00:34:51.673900000,256,100000,0.9,0,0.5637074281654915,0.01243207262844908,small,0.05,256,COMPLETE
11,11,-377.7193032,2021-04-27 16:17:21.015384,2021-04-27 17:18:57.961493,0 days 01:01:36.946109000,512,10000,0.95,0,0.10070612351665709,0.2829594040360176,medium,0.001,512,COMPLETE
12,12,760.366803,2021-04-27 16:44:14.526438,2021-04-27 17:22:22.811102,0 days 00:38:08.284664000,512,100000,0.9,20000,-1.0287024710306318,0.008946854898148922,small,0.05,32,COMPLETE
13,13,,2021-04-27 17:12:40.208841,2021-04-27 17:29:33.939640,0 days 00:16:53.730799000,256,10000,0.9,0,-3.7738387375608116,0.02956576276262921,medium,0.02,8,PRUNED
14,14,866.7060508000001,2021-04-27 17:18:57.963639,2021-04-27 17:52:19.650539,0 days 00:33:21.686900000,16,10000,0.98,20000,-3.8717728980286346,0.0007189992452792743,medium,0.02,32,COMPLETE
15,15,1479.2653606,2021-04-27 17:22:22.815602,2021-04-27 19:09:11.437517,0 days 01:46:48.621915000,2048,10000,0.98,20000,-3.902202494799899,0.0004987815539978998,big,0.01,16,COMPLETE
16,16,825.529443,2021-04-27 17:29:33.952355,2021-04-27 19:16:41.251126,0 days 01:47:07.298771000,2048,10000,0.9999,20000,-3.5249826683053374,0.0008364623763103914,big,0.01,16,COMPLETE
17,17,58.693134,2021-04-27 17:52:19.655383,2021-04-27 18:03:54.219344,0 days 00:11:34.563961000,2048,10000,0.9999,20000,-2.77985767872288,8.209885515386032e-05,big,0.01,16,PRUNED
18,18,950.615966,2021-04-27 18:03:54.220638,2021-04-27 19:02:32.596575,0 days 00:58:38.375937000,128,1000000,0.995,20000,-2.998239839503322,0.0012649187601452571,big,0.01,16,COMPLETE
19,19,378.5863664,2021-04-27 19:02:32.603931,2021-04-27 20:23:53.400414,0 days 01:21:20.796483000,2048,100000,0.9999,1000,-3.085472096416138,1.4503703505951561e-05,big,0.001,8,PRUNED
20,20,707.5597586,2021-04-27 19:09:11.442144,2021-04-27 20:32:28.324875,0 days 01:23:16.882731000,512,10000,0.98,1000,-3.424435549695421,0.00014206651517785588,big,0.001,16,COMPLETE
21,21,832.4201575999999,2021-04-27 19:16:41.255411,2021-04-27 20:00:19.302806,0 days 00:43:38.047395000,512,10000,0.98,1000,-3.283988465476539,0.00017905974775908555,small,0.001,16,COMPLETE
22,22,1045.9799653999999,2021-04-27 20:00:19.308236,2021-04-27 21:01:03.562066,0 days 01:00:44.253830000,64,10000,0.98,1000,-3.9128897061723844,0.0030986260195742838,big,0.005,16,COMPLETE
23,23,888.3197868000001,2021-04-27 20:23:53.402338,2021-04-27 21:11:40.612025,0 days 00:47:47.209687000,16,10000,0.98,10000,-2.165281632876038,0.003581309218848629,big,0.005,64,COMPLETE
24,24,895.2934234,2021-04-27 20:32:28.329358,2021-04-27 21:00:26.986096,0 days 00:27:58.656738000,64,10000,0.9,10000,-2.3553314592917354,0.003398182444871685,small,0.005,64,COMPLETE
25,25,80.74199440000001,2021-04-27 21:00:26.995514,2021-04-27 21:10:33.223934,0 days 00:10:06.228420000,2048,10000,0.995,20000,-2.570228298745734,4.097552751814686e-05,big,0.01,256,PRUNED
26,26,1046.6032220000002,2021-04-27 21:01:03.564455,2021-04-27 22:00:32.869954,0 days 00:59:29.305499000,64,10000,0.98,1000,-3.881958241658322,0.0018513392456563596,big,0.005,16,COMPLETE
27,27,889.8526284,2021-04-27 21:10:33.226568,2021-04-27 22:01:29.172506,0 days 00:50:55.945938000,64,10000,0.98,1000,-3.9383913932048173,0.0029885419198985505,big,0.005,16,COMPLETE
28,28,1024.7400816000002,2021-04-27 21:11:40.613813,2021-04-27 22:03:44.682024,0 days 00:52:04.068211000,64,10000,0.98,1000,-3.8722519675479994,0.0004498529166951399,big,0.005,16,COMPLETE
29,29,420.30424039999997,2021-04-27 22:00:32.871447,2021-04-27 22:14:16.726348,0 days 00:13:43.854901000,128,10000,0.95,1000,-3.878989960130493,0.0004262575316667486,medium,0.005,128,PRUNED
30,30,84.1314416,2021-04-27 22:01:29.174449,2021-04-27 22:05:32.562262,0 days 00:04:03.387813000,128,10000,0.95,20000,-3.616793384911236,0.00032035832912997677,medium,0.05,128,PRUNED
31,31,636.8301787999999,2021-04-27 22:03:44.683862,2021-04-27 22:17:23.154043,0 days 00:13:38.470181000,128,10000,0.95,20000,-3.5010735481021067,0.0016249423423266248,medium,0.05,128,PRUNED
32,32,261.47998140000004,2021-04-27 22:05:32.565434,2021-04-27 22:09:24.335983,0 days 00:03:51.770549000,512,1000000,0.9,20000,-3.178112629281554,0.0014447300537999601,small,0.005,16,PRUNED
33,33,131.5794606,2021-04-27 22:09:24.343144,2021-04-27 22:11:27.390356,0 days 00:02:03.047212000,32,10000,0.98,20000,-1.802867985210566,0.00932955238081358,small,0.01,512,PRUNED
34,34,39.5487384,2021-04-27 22:11:27.391207,2021-04-27 22:32:34.419479,0 days 00:21:07.028272000,512,1000000,0.9,1000,-2.811627964021244,7.733306889266777e-05,big,0.01,16,PRUNED
35,35,1301.831535,2021-04-27 22:14:16.730557,2021-04-27 23:07:43.210745,0 days 00:53:26.480188000,64,10000,0.98,1000,-3.9766035749216306,0.0016886001505976717,big,0.005,16,COMPLETE
36,36,951.7241915999999,2021-04-27 22:17:23.156335,2021-04-27 23:16:21.590598,0 days 00:58:58.434263000,64,10000,0.98,1000,-2.859789634635188,0.005284287355693594,big,0.005,16,COMPLETE
37,37,287.5741064,2021-04-27 22:32:34.421432,2021-04-27 22:59:23.313243,0 days 00:26:48.891811000,64,10000,0.98,1000,-3.9488413310951147,0.006863679720947761,big,0.005,16,PRUNED
38,38,,2021-04-27 22:59:23.315166,2021-04-27 23:13:24.378039,0 days 00:14:01.062873000,64,10000,0.98,1000,-3.3203569782572555,0.027684946685123894,big,0.005,16,PRUNED
39,39,132.2429894,2021-04-27 23:07:43.214642,2021-04-27 23:59:33.892483,0 days 00:51:50.677841000,64,10000,0.999,1000,-3.3615758292961075,0.0007341882250854,big,0.005,16,COMPLETE
40,40,1021.3555820000001,2021-04-27 23:13:24.380227,2021-04-28 00:26:09.370711,0 days 01:12:44.990484000,1024,10000,0.999,20000,-2.86032002512209,0.0007146220467117226,big,0.005,16,COMPLETE
41,41,1071.3555512,2021-04-27 23:16:21.591820,2021-04-28 00:27:03.370016,0 days 01:10:41.778196000,1024,10000,0.999,20000,-3.664465909477282,0.000739383108403359,big,0.005,16,COMPLETE
42,42,110.2451296,2021-04-27 23:59:33.896311,2021-04-28 00:03:50.331835,0 days 00:04:16.435524000,1024,10000,0.98,20000,-3.6667380991642204,0.00021169259207752094,small,0.005,256,PRUNED
43,43,872.6437944000002,2021-04-28 00:03:50.335227,2021-04-28 00:49:27.159898,0 days 00:45:36.824671000,32,1000000,0.99,10000,-2.575833686173616,0.00143393715081036,big,0.02,512,COMPLETE
44,44,98.024905,2021-04-28 00:26:09.372593,2021-04-28 00:33:58.022832,0 days 00:07:48.650239000,32,1000000,0.99,10000,-0.7785492315244583,0.01665759113003405,small,0.01,512,PRUNED
45,45,27.602897200000008,2021-04-28 00:27:03.371632,2021-04-28 00:32:33.857658,0 days 00:05:30.486026000,1024,10000,0.999,20000,-3.9880565938256605,0.0017063036767498375,big,0.005,16,PRUNED
46,46,264.68705719999997,2021-04-28 00:32:33.858688,2021-04-28 00:39:01.161120,0 days 00:06:27.302432000,1024,10000,0.99,20000,-3.626457693341745,0.0004095690964539127,big,0.02,512,PRUNED
47,47,941.9236958000001,2021-04-28 00:33:58.025124,2021-04-28 02:15:03.380783,0 days 01:41:05.355659000,1024,10000,0.999,0,-3.636006222458755,0.0003784678320793958,big,0.02,32,COMPLETE
48,48,989.8104906000001,2021-04-28 00:39:01.163572,2021-04-28 02:55:37.083057,0 days 02:16:35.919485000,2048,10000,0.999,0,-3.649648450629835,0.0021258245787698898,big,0.005,32,COMPLETE
49,49,70.81750760000001,2021-04-28 00:49:27.163304,2021-04-28 01:35:26.446524,0 days 00:45:59.283220000,2048,10000,0.999,0,-3.697450549826005,0.00010857412500320022,big,0.005,32,PRUNED
50,50,-377.84942279999996,2021-04-28 01:35:26.449188,2021-04-28 01:40:50.330544,0 days 00:05:23.881356000,256,100000,0.999,20000,0.9633154133987705,0.14305129830167526,big,0.005,16,PRUNED
51,51,135.4306716,2021-04-28 01:40:50.332484,2021-04-28 01:42:36.292509,0 days 00:01:45.960025000,16,10000,0.9,20000,-3.11044423650506,0.0008811414073543413,small,0.005,16,PRUNED
52,52,964.1041268000001,2021-04-28 01:42:36.298781,2021-04-28 03:15:47.776563,0 days 01:33:11.477782000,1024,10000,0.995,0,-0.4012628845676971,0.0002316920509733538,big,0.01,16,COMPLETE
53,53,1042.3105639999999,2021-04-28 02:15:03.388103,2021-04-28 03:15:53.108441,0 days 01:00:49.720338000,512,10000,0.995,20000,-0.34265070580008716,0.002273699376581228,big,0.01,8,COMPLETE
54,54,248.26307740000001,2021-04-28 02:55:37.087156,2021-04-28 03:01:33.505907,0 days 00:05:56.418751000,512,100000,0.98,20000,-1.1864837806814252,0.0002409259274329168,big,0.01,8,PRUNED
55,55,-344.886862,2021-04-28 03:01:33.507250,2021-04-28 03:16:21.289798,0 days 00:14:47.782548000,64,10000,0.98,1000,-3.897852350580782,0.0035227507159343906,big,0.005,16,PRUNED
56,56,983.8854963999999,2021-04-28 03:15:47.779235,2021-04-28 04:17:32.521314,0 days 01:01:44.742079000,64,10000,0.98,1000,-3.9083732919991174,0.002920075115819654,big,0.005,16,COMPLETE
57,57,1007.3023684000002,2021-04-28 03:15:53.110785,2021-04-28 04:08:45.848292,0 days 00:52:52.737507000,64,10000,0.98,1000,-3.9757681781222023,0.004320495739427872,big,0.005,16,COMPLETE
58,58,360.2382538,2021-04-28 03:16:21.291675,2021-04-28 03:30:57.734219,0 days 00:14:36.442544000,64,10000,0.98,1000,-3.9820809255547043,0.00502548622237026,big,0.005,16,PRUNED
59,59,1134.5491332000001,2021-04-28 03:30:57.735839,2021-04-28 04:23:35.317424,0 days 00:52:37.581585000,64,10000,0.98,1000,-3.472755710956242,0.0009568226604877053,big,0.005,16,COMPLETE
60,60,70.2238292,2021-04-28 04:08:45.853994,2021-04-28 04:17:04.057134,0 days 00:08:18.203140000,64,10000,0.98,1000,-3.4237299555907508,0.0010155476572804702,small,0.001,16,PRUNED
61,61,882.4404244000001,2021-04-28 04:17:04.059285,2021-04-28 06:05:31.995714,0 days 01:48:27.936429000,2048,10000,0.9999,1000,-3.2024394844686634,0.0005866975082117459,big,0.005,64,PRUNED
62,62,866.4007844,2021-04-28 04:17:32.524473,2021-04-28 06:45:32.019217,0 days 02:27:59.494744000,2048,10000,0.9,1000,-3.207885573938035,0.0005133829621430226,big,0.05,64,COMPLETE
63,63,959.0442082000002,2021-04-28 04:23:35.322315,2021-04-28 06:16:52.585829,0 days 01:53:17.263514000,2048,10000,0.9999,20000,-3.2284505750803647,0.0010613244710702071,big,0.05,64,COMPLETE
64,64,205.54720980000002,2021-04-28 06:05:31.997660,2021-04-28 06:08:17.141033,0 days 00:02:45.143373000,256,10000,0.9,20000,-3.003135346634127,0.0010370085146529904,small,0.05,256,PRUNED
65,65,1073.4617412,2021-04-28 06:08:17.142148,2021-04-28 07:02:58.237644,0 days 00:54:41.095496000,64,10000,0.98,1000,-3.7591068702105805,0.0005618492475442352,big,0.005,16,COMPLETE
66,66,379.2153142,2021-04-28 06:16:52.587848,2021-04-28 06:39:26.398646,0 days 00:22:33.810798000,64,10000,0.98,1000,-3.7970156163624913,0.0005156971804455462,big,0.005,16,PRUNED
67,67,1217.7237484,2021-04-28 06:39:26.400621,2021-04-28 07:32:00.272612,0 days 00:52:33.871991000,64,10000,0.98,1000,-3.471206201927887,0.0019179467948395837,big,0.005,16,COMPLETE
68,68,303.7865286,2021-04-28 06:45:32.031441,2021-04-28 06:57:22.781678,0 days 00:11:50.750237000,64,10000,0.98,1000,-3.5169026567078423,0.0018351321757821132,medium,0.005,16,PRUNED
69,69,975.4247018,2021-04-28 06:57:22.783851,2021-04-28 08:01:17.069478,0 days 01:03:54.285627000,64,10000,0.98,1000,-3.780806776791366,0.0025267211102952673,big,0.005,16,COMPLETE
70,70,455.0291234,2021-04-28 07:02:58.240904,2021-04-28 07:17:16.419728,0 days 00:14:18.178824000,64,10000,0.98,1000,-3.495834443452919,0.00028344072077690483,big,0.005,16,PRUNED
71,71,267.02680799999996,2021-04-28 07:17:16.422366,2021-04-28 07:29:39.945693,0 days 00:12:23.523327000,16,100000,0.98,1000,-3.7578345100933834,0.00012448120242981165,big,0.005,16,PRUNED
72,72,684.5885234,2021-04-28 07:29:39.950372,2021-04-28 08:10:14.432303,0 days 00:40:34.481931000,64,10000,0.98,1000,-3.444719368050729,0.0006602616719447232,big,0.001,16,PRUNED
73,73,106.82445820000001,2021-04-28 07:32:00.276126,2021-04-28 07:37:30.882191,0 days 00:05:30.606065000,512,10000,0.98,20000,-3.330319205494544,0.0007767515394383897,big,0.001,16,PRUNED
74,74,-349.53021279999996,2021-04-28 07:37:30.883799,2021-04-28 07:45:25.876241,0 days 00:07:54.992442000,64,10000,0.95,1000,-2.6868650665708893,6.258914437578975e-05,small,0.005,128,PRUNED
75,75,999.63183,2021-04-28 07:45:25.878656,2021-04-28 08:38:34.087707,0 days 00:53:08.209051000,64,10000,0.98,1000,-3.7384296901429024,0.0023860472821779716,big,0.005,16,COMPLETE
76,76,929.5288204000001,2021-04-28 08:01:17.071341,2021-04-28 09:01:42.129470,0 days 01:00:25.058129000,64,10000,0.98,1000,-3.019988214787391,0.0005857261688410021,big,0.005,16,COMPLETE
77,77,894.743144,2021-04-28 08:10:14.433438,2021-04-28 08:59:02.339045,0 days 00:48:47.905607000,64,10000,0.98,1000,-2.929187909369948,0.000158864339767289,big,0.005,16,PRUNED
78,78,981.1905862,2021-04-28 08:38:34.096102,2021-04-28 09:28:44.961617,0 days 00:50:10.865515000,64,10000,0.98,1000,-3.027391853176444,0.0013261181488449362,big,0.005,16,COMPLETE
79,79,1055.4054852,2021-04-28 08:59:02.340922,2021-04-28 10:03:44.738376,0 days 01:04:42.397454000,128,10000,0.9,1000,-3.572332550964739,0.0013399879123821936,big,0.005,16,COMPLETE
80,80,1032.0699796000001,2021-04-28 09:01:42.133234,2021-04-28 10:00:59.189036,0 days 00:59:17.055802000,128,10000,0.9,10000,-3.5422110728336427,0.0013170472446645638,big,0.005,16,COMPLETE
81,81,315.02188820000003,2021-04-28 09:28:44.964369,2021-04-28 09:37:37.834448,0 days 00:08:52.870079000,128,1000000,0.9,10000,-3.5445793625023407,0.006415200559786012,medium,0.005,16,PRUNED
82,82,124.20776740000001,2021-04-28 09:37:37.836530,2021-04-28 09:41:19.267939,0 days 00:03:41.431409000,32,10000,0.98,20000,-2.314847386278212,0.0003309936417197905,big,0.005,16,PRUNED
83,83,433.1020668,2021-04-28 09:41:19.271483,2021-04-28 09:48:00.934013,0 days 00:06:41.662530000,1024,10000,0.999,20000,-3.791967730703879,0.0011108045317225496,big,0.01,16,PRUNED
84,84,1086.9307026,2021-04-28 09:48:00.935793,2021-04-28 10:33:26.873591,0 days 00:45:25.937798000,512,10000,0.98,1000,-1.6890812184130095,0.0017678533337438167,small,0.005,256,COMPLETE
85,85,144.8367068,2021-04-28 10:00:59.190966,2021-04-28 10:55:06.454603,0 days 00:54:07.263637000,64,10000,0.98,1000,-3.990971962033151,0.0020145703716098174,big,0.005,16,PRUNED
86,86,127.63575060000001,2021-04-28 10:03:44.742603,2021-04-28 10:22:15.113317,0 days 00:18:30.370714000,128,10000,0.9,1000,-3.3124027291750977,0.0016965656959536078,big,0.005,16,PRUNED
87,87,564.3185394,2021-04-28 10:22:15.120843,2021-04-28 10:40:06.287007,0 days 00:17:51.166164000,128,10000,0.9,1000,-3.390189092768212,0.0008145910791461931,big,0.005,16,PRUNED
88,88,507.8059216,2021-04-28 10:33:26.876854,2021-04-28 10:49:40.784034,0 days 00:16:13.907180000,512,10000,0.9,1000,-3.3666819575886544,0.0008441730499039863,small,0.005,256,PRUNED
89,89,1008.2340345999999,2021-04-28 10:40:06.290224,2021-04-28 11:23:33.203313,0 days 00:43:26.913089000,512,10000,0.9,1000,0.5808845642831888,0.0004439553854357034,small,0.005,256,COMPLETE
90,90,892.1466062,2021-04-28 10:49:40.787505,2021-04-28 11:33:16.357503,0 days 00:43:35.569998000,512,10000,0.99,1000,-1.6351263405619145,0.00043891076053441657,small,0.005,256,COMPLETE
91,91,517.7115056,2021-04-28 10:55:06.456669,2021-04-28 10:58:34.621401,0 days 00:03:28.164732000,512,10000,0.995,20000,-1.4593125717102247,0.00034548640906070067,small,0.005,256,PRUNED
92,92,25.1988414,2021-04-28 10:58:34.622926,2021-04-28 11:13:17.208524,0 days 00:14:42.585598000,512,10000,0.99,1000,-1.7366846823170583,0.009531353028939512,small,0.02,256,PRUNED
93,93,619.4949874,2021-04-28 11:13:17.215495,2021-04-28 11:16:52.931666,0 days 00:03:35.716171000,512,10000,0.9,20000,0.40571811746295894,0.00396880130672257,small,0.01,256,PRUNED
94,94,24.3511582,2021-04-28 11:16:52.933029,2021-04-28 11:26:46.657183,0 days 00:09:53.724154000,256,100000,0.98,1000,-3.6480138598238967,0.00047641391616720885,small,0.005,8,PRUNED
95,95,1100.0152934,2021-04-28 11:23:33.205062,2021-04-28 12:56:42.430865,0 days 01:33:09.225803000,1024,10000,0.98,1000,-3.6549178752421962,0.0013364723757510015,big,0.005,16,COMPLETE
96,96,-378.5763798,2021-04-28 11:26:46.659474,2021-04-28 11:53:08.869249,0 days 00:26:22.209775000,1024,10000,0.98,1000,-3.8491082550356372,0.002820495436828696,big,0.005,16,PRUNED
97,97,1089.6459997999998,2021-04-28 11:33:16.362241,2021-04-28 13:07:43.357891,0 days 01:34:26.995650000,1024,10000,0.98,1000,-2.045456797141441,0.0013412791846560406,big,0.005,16,COMPLETE
98,98,609.9769761999999,2021-04-28 11:53:08.871528,2021-04-28 12:13:13.333982,0 days 00:20:04.462454000,128,10000,0.98,1000,-3.1324353375336695,0.0014273562098857393,big,0.005,128,PRUNED
99,99,1399.9548044,2021-04-28 12:13:13.338206,2021-04-28 14:29:34.523057,0 days 02:16:21.184851000,2048,10000,0.98,1000,-2.0829518414675197,0.0010765586393026805,big,0.005,16,COMPLETE
100,100,978.9030301999999,2021-04-28 12:56:42.432446,2021-04-28 14:34:55.397277,0 days 01:38:12.964831000,1024,10000,0.999,1000,-2.0715196849346924,0.0010197625174073,big,0.005,16,COMPLETE
101,101,423.6757448,2021-04-28 13:07:43.360603,2021-04-28 13:15:19.334806,0 days 00:07:35.974203000,1024,10000,0.98,20000,-1.9813837837419674,0.0006187133506761703,big,0.005,32,PRUNED
102,102,1007.8997542000001,2021-04-28 13:15:19.338330,2021-04-28 14:52:28.051368,0 days 01:37:08.713038000,1024,1000000,0.98,1000,-1.9992906935244361,0.0010445582521148495,big,0.01,16,COMPLETE
103,103,721.6523358000001,2021-04-28 14:29:34.525247,2021-04-28 15:11:06.947394,0 days 00:41:32.422147000,2048,1000000,0.98,1000,-1.990624934468396,0.0010247827766305224,big,0.01,16,PRUNED
104,104,962.2877974,2021-04-28 14:34:55.399101,2021-04-28 16:55:55.121430,0 days 02:20:59.722329000,2048,1000000,0.98,1000,-2.2935092699131263,0.001995604024704004,big,0.01,512,COMPLETE
105,105,546.4692764,2021-04-28 14:52:28.053443,2021-04-28 17:48:08.165618,0 days 02:55:40.112175000,2048,10000,0.98,1000,-2.276912368674524,0.0019249109683382767,big,0.005,16,COMPLETE
106,106,1554.7826301999999,2021-04-28 15:11:06.949570,2021-04-28 17:37:57.780985,0 days 02:26:50.831415000,2048,10000,0.98,1000,-1.1500693106823365,0.0018633757390676083,big,0.005,16,COMPLETE
107,107,1155.6575204,2021-04-28 16:55:55.124349,2021-04-28 18:32:18.535783,0 days 01:36:23.411434000,1024,10000,0.98,1000,-1.580556237201443,0.0006814223818843795,big,0.005,16,COMPLETE
108,108,1109.5089974,2021-04-28 17:37:57.784593,2021-04-28 20:08:05.281647,0 days 02:30:07.497054000,2048,10000,0.98,1000,-1.327929126805273,0.003386533282926508,big,0.005,16,COMPLETE
109,109,1095.6233204,2021-04-28 17:48:08.170838,2021-04-28 20:48:47.661577,0 days 03:00:39.490739000,2048,10000,0.98,1000,-1.2313067158051516,0.002682332568562744,big,0.005,16,COMPLETE
110,110,1091.6375792,2021-04-28 18:32:18.538212,2021-04-28 20:56:31.042972,0 days 02:24:12.504760000,2048,10000,0.98,1000,-1.349193974571596,0.002790619517510546,big,0.005,16,COMPLETE
111,111,408.03870939999996,2021-04-28 20:08:05.286397,2021-04-28 20:56:19.417816,0 days 00:48:14.131419000,2048,10000,0.98,1000,-1.2697280765284544,0.004989092560325151,big,0.005,16,PRUNED
112,112,778.1391882,2021-04-28 20:48:47.664698,2021-04-29 00:20:37.106025,0 days 03:31:49.441327000,2048,10000,0.98,0,-1.3158146195640028,0.003696673935932748,big,0.005,16,COMPLETE
113,113,1097.7875405999998,2021-04-28 20:56:19.420995,2021-04-28 23:46:47.383540,0 days 02:50:27.962545000,2048,10000,0.98,0,-0.8516883458759501,0.00275190771635579,big,0.005,16,COMPLETE
114,114,1171.2601334000003,2021-04-28 20:56:31.044840,2021-04-28 23:51:41.665530,0 days 02:55:10.620690000,2048,10000,0.98,0,-0.9209881818584031,0.003523303287716574,big,0.02,16,COMPLETE
115,115,1052.9359444,2021-04-28 23:46:47.385441,2021-04-29 02:31:00.249705,0 days 02:44:12.864264000,2048,10000,0.98,0,-0.9009135844654803,0.003725845339751659,big,0.005,16,COMPLETE
116,116,1098.6144778000003,2021-04-28 23:51:41.673578,2021-04-29 02:34:02.784901,0 days 02:42:21.111323000,2048,10000,0.98,0,-1.0118335769283855,0.0024455609031507793,big,0.02,16,COMPLETE
117,117,1516.6606654000002,2021-04-29 00:20:37.110908,2021-04-29 03:10:50.236139,0 days 02:50:13.125231000,2048,10000,0.98,0,-0.8863106739335141,0.007275600329956983,big,0.02,16,COMPLETE
118,118,1109.3395272,2021-04-29 02:31:00.251758,2021-04-29 05:01:50.311283,0 days 02:30:50.059525000,2048,10000,0.98,0,-0.615845299464754,0.005895247793991109,big,0.02,16,COMPLETE
119,119,1451.4539734000002,2021-04-29 02:34:02.786978,2021-04-29 05:02:56.098383,0 days 02:28:53.311405000,2048,10000,0.98,0,-1.0368632982010648,0.005417147824599314,big,0.02,16,COMPLETE
120,120,-383.8528834,2021-04-29 03:10:50.240744,2021-04-29 03:55:04.011698,0 days 00:44:13.770954000,2048,10000,0.95,0,-0.6781262885312493,0.013496551826705528,big,0.02,16,PRUNED
121,121,1019.8030947999999,2021-04-29 03:55:04.015773,2021-04-29 05:40:11.934025,0 days 01:45:07.918252000,2048,10000,0.9999,0,-1.0526595165771986,0.006474329674297052,medium,0.02,16,COMPLETE
122,122,867.7005336,2021-04-29 05:01:50.313611,2021-04-29 06:48:47.061949,0 days 01:46:56.748338000,2048,10000,0.9999,0,-0.9987994916099878,0.007259889361528321,medium,0.02,16,COMPLETE
123,123,1528.5184482,2021-04-29 05:02:56.102893,2021-04-29 07:26:21.089346,0 days 02:23:24.986453000,2048,10000,0.98,0,-0.7394013396704744,0.006552643665636715,big,0.02,16,COMPLETE
124,124,-387.18050359999995,2021-04-29 05:40:11.936039,2021-04-29 06:22:44.225851,0 days 00:42:32.289812000,2048,10000,0.98,0,-0.5839679980162611,0.02045162775843955,big,0.02,16,PRUNED
125,125,1473.1837528,2021-04-29 06:22:44.227430,2021-04-29 08:54:47.173521,0 days 02:32:02.946091000,2048,10000,0.98,0,-1.12752823682715,0.0072394678030948695,big,0.02,16,COMPLETE
126,126,1093.1195512,2021-04-29 06:48:47.064135,2021-04-29 09:26:01.243342,0 days 02:37:14.179207000,2048,10000,0.98,0,-1.104487270689715,0.009698297939055944,big,0.02,16,COMPLETE
127,127,914.0269834000001,2021-04-29 07:26:21.091156,2021-04-29 10:02:53.003868,0 days 02:36:31.912712000,2048,10000,0.98,0,-1.1468861323615045,0.011193153365019498,big,0.02,16,COMPLETE
128,128,1493.8670474000003,2021-04-29 08:54:47.175632,2021-04-29 11:38:02.410879,0 days 02:43:15.235247000,2048,10000,0.98,0,-1.0850755379299457,0.008838592079869059,big,0.02,16,COMPLETE
129,129,736.8048854000001,2021-04-29 09:26:01.248737,2021-04-29 10:13:46.751214,0 days 00:47:45.502477000,2048,10000,0.98,0,-1.5401196815174887,0.004459599008309386,big,0.02,16,PRUNED
130,130,1479.4577060000001,2021-04-29 10:02:53.007378,2021-04-29 12:35:08.930227,0 days 02:32:15.922849000,2048,10000,0.98,0,-1.5177772501184523,0.004815980697251854,big,0.02,16,COMPLETE
131,131,1513.8037292000001,2021-04-29 10:13:46.756537,2021-04-29 12:43:30.979919,0 days 02:29:44.223382000,2048,10000,0.98,0,-0.4275855452270915,0.008127979472803436,big,0.02,16,COMPLETE
132,132,-392.22260539999996,2021-04-29 11:38:02.413109,2021-04-29 12:28:25.524226,0 days 00:50:23.111117000,2048,10000,0.98,0,-0.4862540287986654,0.015486076142657363,big,0.02,64,PRUNED
133,133,-388.43423640000003,2021-04-29 12:28:25.527253,2021-04-29 13:26:43.645509,0 days 00:58:18.118256000,2048,100000,0.98,0,-0.22283642962118966,0.05312729470733031,big,0.02,16,PRUNED
134,134,-391.2124882,2021-04-29 12:35:08.936728,2021-04-29 13:28:05.460328,0 days 00:52:56.523600000,2048,100000,0.98,0,-0.8815794858943223,0.02248905880564451,big,0.02,8,PRUNED
135,135,1164.869167,2021-04-29 12:43:30.984066,2021-04-29 15:32:39.248125,0 days 02:49:08.264059000,2048,10000,0.98,0,-0.9272404144982092,0.008499403477759019,big,0.02,16,COMPLETE
136,136,1344.975973,2021-04-29 13:26:43.648067,2021-04-29 16:18:05.542671,0 days 02:51:21.894604000,2048,10000,0.98,0,-0.7466433000296375,0.007912229666385225,big,0.02,16,COMPLETE
137,137,-391.591391,2021-04-29 13:28:05.461484,2021-04-29 14:15:08.178447,0 days 00:47:02.716963000,2048,10000,0.98,0,-0.16290104162383845,0.00877292591044067,big,0.02,16,PRUNED
138,138,1086.9926744,2021-04-29 14:15:08.181930,2021-04-29 16:57:19.396678,0 days 02:42:11.214748000,2048,10000,0.98,0,-0.8231239694405956,0.007642991531866031,big,0.02,16,COMPLETE
139,139,1543.9339482,2021-04-29 15:32:39.255261,2021-04-29 18:21:51.911674,0 days 02:49:12.656413000,2048,10000,0.98,0,-0.7571438815647321,0.007135933173982419,big,0.02,16,COMPLETE
140,140,-385.0991704,2021-04-29 16:18:05.544813,2021-04-29 17:15:32.797055,0 days 00:57:27.252242000,2048,10000,0.98,0,-0.6482828749508731,0.012371635308841734,big,0.02,16,PRUNED
141,141,885.1084466,2021-04-29 16:57:19.400839,2021-04-29 19:49:14.298575,0 days 02:51:54.897736000,2048,10000,0.98,0,-0.7241161647006399,0.0055591735893529386,big,0.02,128,COMPLETE
142,142,1054.0093335999998,2021-04-29 17:15:32.799565,2021-04-29 20:22:31.465993,0 days 03:06:58.666428000,2048,10000,0.995,0,-0.7177235788744065,0.005565258103941917,big,0.02,16,COMPLETE
143,143,1408.7431192000001,2021-04-29 18:21:51.914113,2021-04-29 21:08:07.860190,0 days 02:46:15.946077000,2048,10000,0.98,0,-0.6943656978635349,0.004992701311658534,big,0.02,128,COMPLETE
144,144,-384.422904,2021-04-29 19:49:14.302622,2021-04-29 20:07:05.705086,0 days 00:17:51.402464000,16,10000,0.995,0,-0.510536446003464,0.010944906156120619,big,0.02,32,PRUNED
145,145,491.7693925999999,2021-04-29 20:07:05.718278,2021-04-29 22:42:54.557022,0 days 02:35:48.838744000,2048,10000,0.98,0,-0.7563643719373507,0.004971453907247942,big,0.02,16,COMPLETE
146,146,1224.5130437999999,2021-04-29 20:22:31.470388,2021-04-29 23:15:06.545541,0 days 02:52:35.075153000,2048,10000,0.98,0,-0.9750931538270406,0.004655404491801691,big,0.02,16,COMPLETE
147,147,-390.51324320000003,2021-04-29 21:08:07.864583,2021-04-29 21:52:48.479183,0 days 00:44:40.614600000,2048,10000,0.98,0,-0.7916808180160477,0.007253101038470033,big,0.02,128,PRUNED
148,148,-380.97331760000003,2021-04-29 21:52:48.481191,2021-04-29 22:35:41.393399,0 days 00:42:52.912208000,2048,10000,0.98,0,-0.3022824027971563,0.0053968343929122016,big,0.02,128,PRUNED
149,149,1499.8236828000001,2021-04-29 22:35:41.395279,2021-04-30 01:11:41.048696,0 days 02:35:59.653417000,2048,10000,0.98,0,-0.4276020882887281,0.004448278616819283,big,0.02,128,COMPLETE
150,150,-391.8396206,2021-04-29 22:42:54.562429,2021-04-29 23:23:26.341054,0 days 00:40:31.778625000,2048,10000,0.98,0,-0.43960323587152705,0.007442504462666183,big,0.02,128,PRUNED
151,151,594.0496364,2021-04-29 23:15:06.548232,2021-04-30 00:05:18.020770,0 days 00:50:11.472538000,2048,10000,0.98,0,-1.1244785975828562,0.016618806052555633,big,0.02,128,PRUNED
152,152,1139.2062702,2021-04-29 23:23:26.344343,2021-04-30 02:00:57.351627,0 days 02:37:31.007284000,2048,10000,0.98,0,-1.1539003702319124,0.016745820576136994,big,0.02,512,COMPLETE
153,153,1322.223827,2021-04-30 00:05:18.022587,2021-04-30 03:02:36.177505,0 days 02:57:18.154918000,2048,10000,0.98,0,-1.4062194002255883,0.00418395261818278,big,0.02,16,COMPLETE
154,154,-387.67405679999996,2021-04-30 01:11:41.051040,2021-04-30 01:57:30.816591,0 days 00:45:49.765551000,2048,10000,0.98,0,-0.35361583060041724,0.01384299640607054,big,0.02,128,PRUNED
155,155,-386.0434722,2021-04-30 01:57:30.825361,2021-04-30 02:40:08.069646,0 days 00:42:37.244285000,2048,10000,0.98,0,-0.07243688743757448,0.004369224935202995,big,0.02,128,PRUNED
156,156,-383.6388196,2021-04-30 02:00:57.354473,2021-04-30 02:44:33.930477,0 days 00:43:36.576004000,2048,10000,0.98,0,-0.07034295454752404,0.004299970289516828,big,0.02,16,PRUNED
157,157,-385.85541320000004,2021-04-30 02:40:08.071418,2021-04-30 03:23:10.398903,0 days 00:43:02.327485000,2048,10000,0.98,0,-0.5884549418844717,0.010103730486240381,big,0.02,128,PRUNED
158,158,1294.6706286,2021-04-30 02:44:33.936202,2021-04-30 05:09:43.638637,0 days 02:25:09.702435000,2048,10000,0.98,0,-1.389980938541797,0.008984118239880405,big,0.02,128,COMPLETE
159,159,1551.4997067999998,2021-04-30 03:02:36.181152,2021-04-30 05:41:41.111068,0 days 02:39:04.929916000,2048,10000,0.98,0,-0.5500012359191759,0.009826024289654912,big,0.02,128,COMPLETE
160,160,1255.0986916,2021-04-30 03:23:10.401498,2021-04-30 05:52:05.580846,0 days 02:28:55.179348000,2048,10000,0.98,0,-1.4418553970686272,0.006113896163027989,big,0.02,16,COMPLETE
161,161,1563.5784844,2021-04-30 05:09:43.643552,2021-04-30 07:31:44.410948,0 days 02:22:00.767396000,2048,10000,0.95,0,-1.2024259309984462,0.006114715581445191,big,0.02,16,COMPLETE
162,162,1010.7012149999998,2021-04-30 05:41:41.115312,2021-04-30 08:17:59.741975,0 days 02:36:18.626663000,2048,10000,0.95,0,-0.4991738507638044,0.006503676395082345,big,0.02,128,COMPLETE
163,163,1313.2310618,2021-04-30 05:52:05.582865,2021-04-30 08:11:38.526897,0 days 02:19:32.944032000,2048,10000,0.95,0,-0.5610672034499098,0.007078373879978286,big,0.02,128,COMPLETE
164,164,-381.54089799999997,2021-04-30 07:31:44.414104,2021-04-30 08:12:50.590194,0 days 00:41:06.176090000,2048,10000,0.95,0,-0.5049584621164094,0.011432696242470007,big,0.02,128,PRUNED
165,165,1364.3817754000002,2021-04-30 08:11:38.528579,2021-04-30 10:53:01.560659,0 days 02:41:23.032080000,2048,10000,0.95,0,-1.222243733683852,0.012372355905834126,big,0.02,128,COMPLETE
166,166,610.2142534000001,2021-04-30 08:12:50.591622,2021-04-30 09:00:41.239702,0 days 00:47:50.648080000,2048,10000,0.95,0,-1.2536291815895209,0.007941543711817316,big,0.02,128,PRUNED
167,167,856.4399493999999,2021-04-30 08:17:59.743818,2021-04-30 09:12:03.940972,0 days 00:54:04.197154000,2048,10000,0.95,0,-1.242946682701265,0.0035417691371962723,big,0.02,16,PRUNED
168,168,540.0244972,2021-04-30 09:00:41.243611,2021-04-30 11:31:42.734599,0 days 02:31:01.490988000,2048,10000,0.98,0,-1.8585702211647488,0.005775195809189724,big,0.02,16,COMPLETE
169,169,1515.5715054,2021-04-30 09:12:03.942994,2021-04-30 11:53:59.697292,0 days 02:41:55.754298000,2048,10000,0.98,0,-1.0879558178697781,0.005655559369005229,big,0.02,16,COMPLETE
170,170,-393.421518,2021-04-30 10:53:01.562620,2021-04-30 11:09:40.794286,0 days 00:16:39.231666000,32,10000,0.95,0,-1.0424958202197145,0.02158775911403743,big,0.02,128,PRUNED
171,171,-393.3475032,2021-04-30 11:09:40.796214,2021-04-30 11:53:37.492218,0 days 00:43:56.696004000,2048,10000,0.95,0,-0.8602062016572076,0.012332428129548009,big,0.02,128,PRUNED
172,172,-384.0335956,2021-04-30 11:31:42.737200,2021-04-30 12:11:35.427276,0 days 00:39:52.690076000,2048,10000,0.95,0,-0.8020402479388316,0.014342010976919662,big,0.02,128,PRUNED
173,173,1438.3041356,2021-04-30 11:53:37.495452,2021-04-30 13:12:46.888972,0 days 01:19:09.393520000,256,10000,0.95,0,-1.0530681429961253,0.009006303689264257,big,0.02,128,COMPLETE
174,174,-393.3050604,2021-04-30 11:53:59.699054,2021-04-30 12:14:14.019197,0 days 00:20:14.320143000,256,10000,0.95,0,-1.0675234306111812,0.02891230839563452,big,0.02,128,PRUNED
175,175,1422.7429716000001,2021-04-30 12:11:35.431420,2021-04-30 14:32:30.653285,0 days 02:20:55.221865000,2048,10000,0.98,0,-1.0604962034435976,0.008859259385960194,big,0.02,16,COMPLETE
176,176,1131.9037518,2021-04-30 12:14:14.024092,2021-04-30 14:49:54.615403,0 days 02:35:40.591311000,2048,10000,0.98,0,-0.9739468124067951,0.009177328212343475,big,0.02,16,COMPLETE
177,177,413.67543240000003,2021-04-30 13:12:46.892586,2021-04-30 15:28:45.636469,0 days 02:15:58.743883000,2048,10000,0.95,0,-1.1966496092260275,0.009826523437355518,big,0.02,128,PRUNED
178,178,1082.6983888,2021-04-30 14:32:30.657409,2021-04-30 15:44:54.826855,0 days 01:12:24.169446000,256,10000,0.99,0,-0.9390895477884235,0.009793242818119904,big,0.02,16,COMPLETE
179,179,857.5309012000001,2021-04-30 14:49:54.617954,2021-04-30 15:12:12.165606,0 days 00:22:17.547652000,256,10000,0.99,0,-1.136995617748407,0.006385849657079363,big,0.05,64,PRUNED
180,180,14.000679199999999,2021-04-30 15:12:12.168069,2021-04-30 15:34:20.107531,0 days 00:22:07.939462000,256,10000,0.98,0,-0.9557807052225379,0.009035850106961308,big,0.001,16,PRUNED
181,181,1513.7683040000002,2021-04-30 15:28:45.638880,2021-04-30 16:40:22.005852,0 days 01:11:36.366972000,256,10000,0.98,0,-0.9606212924333836,0.005526626738856668,big,0.02,16,COMPLETE
182,182,1490.339873,2021-04-30 15:34:20.109916,2021-04-30 16:49:26.505427,0 days 01:15:06.395511000,256,10000,0.98,0,-0.6926820511858085,0.0031317445995699056,big,0.02,8,COMPLETE
183,183,1349.2698918,2021-04-30 15:44:54.830062,2021-04-30 17:42:53.714304,0 days 01:57:58.884242000,2048,10000,0.98,10000,-0.6576476679992842,0.004961099626647439,big,0.02,16,COMPLETE
184,184,1419.2773789999999,2021-04-30 16:40:22.009576,2021-04-30 17:52:25.389660,0 days 01:12:03.380084000,256,10000,0.98,0,-1.0658879649406237,0.005337076872863767,big,0.02,16,COMPLETE
185,185,1351.2104252,2021-04-30 16:49:26.518275,2021-04-30 18:04:12.829935,0 days 01:14:46.311660000,256,10000,0.98,0,-0.6652312155766665,0.004932664358345705,big,0.02,8,COMPLETE
186,186,1498.7254303999998,2021-04-30 17:42:53.719583,2021-04-30 18:53:39.308348,0 days 01:10:45.588765000,256,10000,0.98,0,-0.8326235802782875,0.0033689297578052995,big,0.02,16,COMPLETE
187,187,1512.6509220000003,2021-04-30 17:52:25.395315,2021-04-30 19:01:21.310679,0 days 01:08:55.915364000,256,10000,0.98,0,-1.0315900737737862,0.0032797366633049224,big,0.02,16,COMPLETE
188,188,1151.3448876,2021-04-30 18:04:12.841298,2021-04-30 19:15:08.063088,0 days 01:10:55.221790000,256,10000,0.98,0,-1.0577295809164362,0.003370880943019195,big,0.02,8,COMPLETE
189,189,1055.7378096,2021-04-30 18:53:39.314728,2021-04-30 20:04:23.821668,0 days 01:10:44.506940000,256,10000,0.98,0,-0.8541095862799539,0.0031840448340063063,big,0.02,8,COMPLETE
190,190,1433.0880057999998,2021-04-30 19:01:21.312834,2021-04-30 20:11:23.347313,0 days 01:10:02.034479000,256,10000,0.98,0,-0.8171373185652945,0.0033254111780289127,big,0.02,16,COMPLETE
191,191,878.0455566,2021-04-30 19:15:08.065150,2021-04-30 19:35:54.712337,0 days 00:20:46.647187000,256,10000,0.98,0,-0.8921608391648228,0.0030859859622318197,big,0.02,8,PRUNED
192,192,317.8012173999999,2021-04-30 19:35:54.714861,2021-04-30 19:56:32.674946,0 days 00:20:37.960085000,256,10000,0.98,0,-0.8331322661221003,0.003931437276502109,big,0.02,8,PRUNED
193,193,1509.2484153999999,2021-04-30 19:56:32.676741,2021-04-30 21:06:29.246974,0 days 01:09:56.570233000,256,10000,0.98,0,-0.41040904635694087,0.0027342007231886474,big,0.02,16,COMPLETE
194,194,1501.170103,2021-04-30 20:04:23.828105,2021-04-30 21:01:58.512742,0 days 00:57:34.684637000,256,10000,0.98,0,-0.3967561464975431,0.0023314862579848147,medium,0.02,16,COMPLETE
195,195,1519.7993246,2021-04-30 20:11:23.352994,2021-04-30 21:20:12.100816,0 days 01:08:48.747822000,256,10000,0.98,0,-0.3939788784836087,0.0022361073618070966,big,0.02,16,COMPLETE
196,196,826.1532943999998,2021-04-30 21:01:58.517024,2021-04-30 21:18:28.896284,0 days 00:16:30.379260000,256,10000,0.98,0,-0.3020250548009003,0.0024073437956436874,medium,0.02,16,PRUNED
197,197,1264.8346956,2021-04-30 21:06:29.251839,2021-04-30 21:58:44.523519,0 days 00:52:15.271680000,256,10000,0.98,0,-0.27693624788219384,0.0022192300791173125,medium,0.02,16,COMPLETE
198,198,1147.0461814000003,2021-04-30 21:18:28.902763,2021-04-30 22:10:47.537069,0 days 00:52:18.634306000,256,10000,0.98,0,-0.4309328892736554,0.0022772982934111618,medium,0.02,16,COMPLETE
199,199,1514.4730189999998,2021-04-30 21:20:12.102925,2021-04-30 22:12:03.659648,0 days 00:51:51.556723000,256,10000,0.98,0,-0.3838052560034678,0.0025027124953801625,medium,0.02,16,COMPLETE
200,200,1077.2256712,2021-04-30 21:58:44.529317,2021-04-30 22:48:55.447322,0 days 00:50:10.918005000,256,10000,0.98,0,-0.3446605692606287,0.0026011370083526123,medium,0.01,16,COMPLETE
201,201,1418.0427846,2021-04-30 22:10:47.543611,2021-04-30 23:13:00.435020,0 days 01:02:12.891409000,256,10000,0.98,0,-0.41433046621585407,0.002877929535398537,big,0.02,16,COMPLETE
202,202,777.3750772000001,2021-04-30 22:12:03.661699,2021-04-30 23:03:38.002596,0 days 00:51:34.340897000,256,10000,0.98,0,-0.1835923495560462,0.003003542876398616,medium,0.01,16,COMPLETE
203,203,-383.44333700000004,2021-04-30 22:48:55.449236,2021-04-30 23:04:16.931348,0 days 00:15:21.482112000,256,10000,0.98,0,-0.44447141112661603,0.9528839248069467,medium,0.02,16,PRUNED
204,204,832.5716024,2021-04-30 23:03:38.004665,2021-04-30 23:19:14.749413,0 days 00:15:36.744748000,256,1000000,0.98,0,-0.38799727467066736,0.0038516794681262797,medium,0.02,16,PRUNED
205,205,1479.6175472,2021-04-30 23:04:16.934528,2021-04-30 23:55:11.583583,0 days 00:50:54.649055000,256,10000,0.98,0,-0.3891536044239769,0.001683723992196005,medium,0.02,16,COMPLETE
206,206,875.7093662,2021-04-30 23:13:00.437972,2021-04-30 23:27:50.407023,0 days 00:14:49.969051000,256,10000,0.98,0,-0.6306815696070033,0.0017134541937512007,medium,0.02,16,PRUNED
207,207,1147.8493118000001,2021-04-30 23:19:14.751179,2021-05-01 00:11:04.876270,0 days 00:51:50.125091000,256,10000,0.98,0,0.0716187552000111,0.0018831855690757341,medium,0.02,16,COMPLETE
208,208,811.287046,2021-04-30 23:27:50.410662,2021-04-30 23:42:57.227773,0 days 00:15:06.817111000,256,10000,0.98,0,-0.5656550465524638,0.004296616610912219,medium,0.02,16,PRUNED
209,209,1419.1571576000001,2021-04-30 23:42:57.234051,2021-05-01 00:46:50.048127,0 days 01:03:52.814076000,256,10000,0.98,0,-0.5388342837178031,0.00666076240396774,big,0.02,16,COMPLETE
210,210,300.0787966,2021-04-30 23:55:11.585289,2021-05-01 00:45:33.202955,0 days 00:50:21.617666000,256,10000,0.98,0,-0.21123152627230812,0.0016869665396766586,medium,0.02,16,COMPLETE
211,211,925.9134443999999,2021-05-01 00:11:04.880109,2021-05-01 00:33:53.293599,0 days 00:22:48.413490000,256,10000,0.9999,0,-0.25300870474567644,0.0023266680445621,medium,0.02,32,PRUNED
212,212,1124.648823,2021-05-01 00:33:53.294812,2021-05-01 01:27:45.590536,0 days 00:53:52.295724000,256,10000,0.98,0,-0.5242641546271348,0.001588169137283821,medium,0.02,16,COMPLETE
213,213,613.5777326,2021-05-01 00:45:33.204734,2021-05-01 01:08:40.161986,0 days 00:23:06.957252000,256,100000,0.98,0,-0.09654378174542166,0.006516230574956744,medium,0.02,16,PRUNED
214,214,611.758438,2021-05-01 00:46:50.050532,2021-05-01 00:57:43.372216,0 days 00:10:53.321684000,16,10000,0.98,0,-0.391065980130442,0.004115773051658607,medium,0.02,512,PRUNED
215,215,1361.0301776000001,2021-05-01 00:57:43.374144,2021-05-01 01:54:37.201009,0 days 00:56:53.826865000,256,10000,0.98,0,-0.5115483965429931,0.006478677861064038,medium,0.02,16,COMPLETE
216,216,1455.4777617999998,2021-05-01 01:08:40.163000,2021-05-01 02:17:59.402336,0 days 01:09:19.239336000,256,10000,0.98,0,-0.5212323775987181,0.006300115771991661,big,0.02,16,COMPLETE
217,217,681.0281632,2021-05-01 01:27:45.593701,2021-05-01 02:36:59.313554,0 days 01:09:13.719853000,256,10000,0.98,0,-0.7825078576108463,0.003001873378772,big,0.02,16,COMPLETE
218,218,1304.4953620000001,2021-05-01 01:54:37.207209,2021-05-01 03:04:25.916225,0 days 01:09:48.709016000,256,10000,0.98,0,-0.6976880369654898,0.0028142778106891703,big,0.02,16,COMPLETE
219,219,988.6229043999999,2021-05-01 02:17:59.411026,2021-05-01 02:55:24.821486,0 days 00:37:25.410460000,32,10000,0.98,0,-0.7533504277234973,0.00277030365026474,big,0.02,16,PRUNED
220,220,887.3445472,2021-05-01 02:36:59.319392,2021-05-01 02:52:19.143760,0 days 00:15:19.824368000,32,10000,0.98,0,-0.6272288047773809,0.004320707013718027,big,0.02,16,PRUNED
221,221,869.7256302,2021-05-01 02:52:19.150272,2021-05-01 03:17:14.810813,0 days 00:24:55.660541000,256,10000,0.98,0,-0.709588727140444,0.00244291821229017,big,0.02,16,PRUNED
222,222,859.3906913999999,2021-05-01 02:55:24.822961,2021-05-01 03:08:27.931158,0 days 00:13:03.108197000,256,10000,0.98,10000,-0.3502295280822425,0.002178973722150725,big,0.02,16,PRUNED
223,223,846.4037027999999,2021-05-01 03:04:25.927927,2021-05-01 03:19:01.842948,0 days 00:14:35.915021000,256,10000,0.98,10000,-0.35591207989512824,0.007746921761992591,big,0.05,16,PRUNED
224,224,1481.6177708,2021-05-01 03:08:27.933197,2021-05-01 05:53:21.844355,0 days 02:44:53.911158000,2048,10000,0.98,0,-0.9737426396255509,0.007499313259953712,big,0.05,16,COMPLETE
225,225,-387.8447946,2021-05-01 03:17:14.814710,2021-05-01 03:40:21.932856,0 days 00:23:07.118146000,256,10000,0.98,0,0.29206782695769906,0.007008936073807148,big,0.02,16,PRUNED
226,226,1501.991798,2021-05-01 03:19:01.847851,2021-05-01 04:46:02.196995,0 days 01:27:00.349144000,256,10000,0.98,0,-0.42852194207563526,0.00531144047599491,big,0.02,16,COMPLETE
227,227,857.7009418000001,2021-05-01 03:40:21.935044,2021-05-01 04:04:22.374356,0 days 00:24:00.439312000,256,10000,0.98,0,-0.4507337912154803,0.005441335838698931,big,0.02,16,PRUNED
228,228,673.1695142,2021-05-01 04:04:22.378075,2021-05-01 04:53:06.711700,0 days 00:48:44.333625000,2048,10000,0.98,0,-0.954427926981972,0.004772267630770464,big,0.001,16,PRUNED
229,229,848.0690609999999,2021-05-01 04:46:02.201320,2021-05-01 05:38:32.342280,0 days 00:52:30.140960000,2048,10000,0.98,0,-0.24794048141008307,0.0035830869770819957,big,0.02,16,PRUNED
230,230,991.901045,2021-05-01 04:53:06.714721,2021-05-01 07:35:55.720215,0 days 02:42:49.005494000,2048,10000,0.98,0,-0.27606454689773235,0.00383694566211646,big,0.02,16,COMPLETE
231,231,862.6888124000001,2021-05-01 05:38:32.343909,2021-05-01 06:27:40.043835,0 days 00:49:07.699926000,2048,10000,0.98,0,-1.1396652549070982,0.00378803064058885,big,0.02,16,PRUNED
232,232,1056.2735494,2021-05-01 05:53:21.848795,2021-05-01 06:56:36.146301,0 days 01:03:14.297506000,256,10000,0.995,0,-0.6010720312264336,0.004080309625229054,big,0.05,16,PRUNED
233,233,1522.4832984,2021-05-01 06:27:40.048867,2021-05-01 07:46:19.077612,0 days 01:18:39.028745000,256,10000,0.995,0,-0.5900604163744603,0.004441874260498249,big,0.05,16,COMPLETE
234,234,1379.2128301999999,2021-05-01 06:56:36.148461,2021-05-01 08:17:18.476038,0 days 01:20:42.327577000,256,10000,0.98,0,-0.9497356312597831,0.005729953188659785,big,0.05,16,COMPLETE
235,235,1424.4194192,2021-05-01 07:35:55.727301,2021-05-01 10:05:23.978064,0 days 02:29:28.250763000,2048,10000,0.98,0,-0.9477053852789183,0.007887677559833169,big,0.05,16,COMPLETE
236,236,1492.317435,2021-05-01 07:46:19.090747,2021-05-01 09:05:30.689921,0 days 01:19:11.599174000,256,10000,0.98,0,-0.44472691982114926,0.005830640992093561,big,0.05,16,COMPLETE
237,237,975.1106958,2021-05-01 08:17:18.481915,2021-05-01 08:52:22.690630,0 days 00:35:04.208715000,256,10000,0.995,0,-0.4493566034058269,0.004974795223664401,big,0.05,16,PRUNED
238,238,-385.9597108,2021-05-01 08:52:22.691943,2021-05-01 09:15:23.389848,0 days 00:23:00.697905000,256,10000,0.995,0,-0.6029194498011422,0.011463871349754884,big,0.05,16,PRUNED
239,239,1540.4538886000003,2021-05-01 09:05:30.694420,2021-05-01 10:21:28.362119,0 days 01:15:57.667699000,256,10000,0.98,0,-0.5815534925615131,0.005824453837829874,big,0.05,16,COMPLETE
240,240,-392.8165376,2021-05-01 09:15:23.402426,2021-05-01 09:38:13.928944,0 days 00:22:50.526518000,256,10000,0.995,0,-0.41169681572264183,0.007878534878179615,big,0.05,16,PRUNED
241,241,898.844801,2021-05-01 09:38:13.940491,2021-05-01 10:12:14.048570,0 days 00:34:00.108079000,256,10000,0.98,0,-0.7438355489527968,0.002035969380858206,big,0.05,16,PRUNED
242,242,552.7890432000002,2021-05-01 10:05:23.980294,2021-05-01 10:25:43.891863,0 days 00:20:19.911569000,256,10000,0.98,0,-1.5075373970122894,0.0020967551191857434,big,0.05,8,PRUNED
243,243,1053.175264,2021-05-01 10:12:14.050448,2021-05-01 11:04:23.495634,0 days 00:52:09.445186000,256,10000,0.995,0,-0.49554104560151213,0.005533694963485021,big,0.05,8,PRUNED
244,244,145.5768526,2021-05-01 10:21:28.364578,2021-05-01 10:55:41.398341,0 days 00:34:13.033763000,256,10000,0.995,0,-0.5607570048433062,0.005824879377509229,big,0.05,8,PRUNED
245,245,1508.0212004,2021-05-01 10:25:43.892967,2021-05-01 11:34:09.023129,0 days 01:08:25.130162000,256,10000,0.98,0,-0.5033174430198307,0.005745025702829037,big,0.05,16,COMPLETE
246,246,1518.191507,2021-05-01 10:55:41.399539,2021-05-01 12:05:36.675698,0 days 01:09:55.276159000,256,10000,0.98,0,-0.47206881550900176,0.005326169146472107,big,0.05,16,COMPLETE
247,247,1490.8297068,2021-05-01 11:04:23.498423,2021-05-01 12:14:39.021633,0 days 01:10:15.523210000,256,10000,0.98,0,-0.33173244135654484,0.0033483367228550743,big,0.05,16,COMPLETE
248,248,-389.7493128,2021-05-01 11:34:09.030705,2021-05-01 11:53:54.500490,0 days 00:19:45.469785000,256,10000,0.98,0,-0.33396399808342003,0.007455949416612015,big,0.05,16,PRUNED
249,249,139.13463539999998,2021-05-01 11:53:54.503633,2021-05-01 12:13:59.722810,0 days 00:20:05.219177000,256,10000,0.98,0,-0.4481381832865388,0.003266290008632813,big,0.05,16,PRUNED
250,250,988.3893364000002,2021-05-01 12:05:36.682158,2021-05-01 12:39:20.671388,0 days 00:33:43.989230000,256,10000,0.999,0,-0.6445567430591777,0.004791947999285908,big,0.05,16,PRUNED
251,251,853.4427134,2021-05-01 12:13:59.735243,2021-05-01 12:34:24.009003,0 days 00:20:24.273760000,256,10000,0.98,0,-0.6456948442501285,0.0044616552337392945,big,0.05,16,PRUNED
252,252,936.426084,2021-05-01 12:14:39.026346,2021-05-01 12:55:47.376350,0 days 00:41:08.350004000,256,10000,0.999,0,-0.6274743308076436,0.004624800798069449,big,0.05,16,PRUNED
253,253,1469.5639682,2021-05-01 12:34:24.010526,2021-05-01 13:43:20.873837,0 days 01:08:56.863311000,256,10000,0.98,0,-0.1908719714091569,0.0031370403388405153,big,0.05,64,COMPLETE
254,254,891.4174732000001,2021-05-01 12:39:20.673557,2021-05-01 13:02:31.132801,0 days 00:23:10.459244000,256,10000,0.98,0,-0.10751135848789989,0.003356232604127994,big,0.05,64,PRUNED
255,255,1184.5774074,2021-05-01 12:55:47.379022,2021-05-01 14:05:26.602548,0 days 01:09:39.223526000,256,10000,0.98,0,-0.11581808883895212,0.0032484294421535518,big,0.05,16,COMPLETE
256,256,836.5512249999999,2021-05-01 13:02:31.136222,2021-05-01 13:23:21.416967,0 days 00:20:50.280745000,256,10000,0.98,0,-0.3173883333443851,0.005999778527743697,big,0.05,16,PRUNED
257,257,1506.0631118000001,2021-05-01 13:23:21.418559,2021-05-01 14:33:16.102008,0 days 01:09:54.683449000,256,10000,0.98,0,-0.5239034519505706,0.003405393511691122,big,0.05,16,COMPLETE
258,258,1502.4072828,2021-05-01 13:43:20.877757,2021-05-01 14:54:15.341224,0 days 01:10:54.463467000,256,1000000,0.98,0,-0.515037670258968,0.005867492600515514,big,0.05,16,COMPLETE
259,259,-388.25531939999996,2021-05-01 14:05:26.605606,2021-05-01 14:19:24.346397,0 days 00:13:57.740791000,16,1000000,0.98,0,-0.5064505540341094,0.009847055147720385,big,0.05,16,PRUNED
260,260,740.2915343999999,2021-05-01 14:19:24.365597,2021-05-01 14:53:44.841743,0 days 00:34:20.476146000,256,10000,0.9999,0,-0.8215351846411094,0.005956652957843098,big,0.05,16,PRUNED
261,261,-379.01012359999993,2021-05-01 14:33:16.104404,2021-05-01 14:53:05.064750,0 days 00:19:48.960346000,256,10000,0.98,0,-0.4290826309202601,0.005805998417430669,big,0.05,16,PRUNED
262,262,1414.0088586000002,2021-05-01 14:53:05.073474,2021-05-01 16:03:08.535002,0 days 01:10:03.461528000,256,10000,0.98,0,-0.5396652613277552,0.004108555212080894,big,0.05,16,COMPLETE
263,263,867.614747,2021-05-01 14:53:44.846313,2021-05-01 15:14:10.096537,0 days 00:20:25.250224000,256,100000,0.98,0,-0.5549748023570956,0.003994415711577226,big,0.05,16,PRUNED
264,264,866.5887009999999,2021-05-01 14:54:15.343416,2021-05-01 15:14:18.415492,0 days 00:20:03.072076000,256,1000000,0.98,0,-0.5286888791995777,0.006783120060291046,big,0.05,16,PRUNED
265,265,-394.27372740000004,2021-05-01 15:14:10.099868,2021-05-01 15:33:50.817084,0 days 00:19:40.717216000,256,1000000,0.98,0,-0.5093954275660157,0.007831240445281698,big,0.05,16,PRUNED
266,266,-388.20409499999994,2021-05-01 15:14:18.416896,2021-05-01 15:33:46.306623,0 days 00:19:27.889727000,256,1000000,0.98,0,-0.4486412132201332,0.008088932184143685,big,0.05,16,PRUNED
267,267,-385.0947304,2021-05-01 15:33:46.309330,2021-05-01 15:53:27.387474,0 days 00:19:41.078144000,256,1000000,0.99,0,-0.7427366735346654,0.010601993650936115,big,0.05,32,PRUNED
268,268,867.928772,2021-05-01 15:33:50.818435,2021-05-01 15:53:44.036107,0 days 00:19:53.217672000,256,1000000,0.98,0,-0.7467066323157622,0.0047540024157121516,big,0.05,512,PRUNED
269,269,839.4217816,2021-05-01 15:53:27.390323,2021-05-01 16:13:57.139167,0 days 00:20:29.748844000,128,10000,0.98,0,-0.37132157666552223,0.004604684081760172,big,0.02,512,PRUNED
270,270,933.4304038,2021-05-01 15:53:44.037281,2021-05-01 17:04:08.715296,0 days 01:10:24.678015000,128,10000,0.98,0,-0.5949411205368754,0.005648299514769304,big,0.02,16,PRUNED
271,271,649.3866372,2021-05-01 16:03:08.540077,2021-05-01 16:35:56.105635,0 days 00:32:47.565558000,128,10000,0.98,0,-0.3979209069603127,0.006126803236316768,big,0.02,16,PRUNED
272,272,1446.5510432,2021-05-01 16:13:57.141385,2021-05-01 17:22:29.610619,0 days 01:08:32.469234000,256,10000,0.98,0,-0.23119499996052997,0.002565179557581535,big,0.02,16,COMPLETE
273,273,373.1683988,2021-05-01 16:35:56.108426,2021-05-01 16:56:12.373180,0 days 00:20:16.264754000,256,10000,0.98,0,-0.26970485729804,0.0025021547636635234,big,0.001,16,PRUNED
274,274,189.4501072,2021-05-01 16:56:12.374592,2021-05-01 17:15:11.703321,0 days 00:18:59.328729000,256,10000,0.98,0,-1.3114349060395272,1.0734204664271796e-05,big,0.02,16,PRUNED
275,275,1440.2447144000002,2021-05-01 17:04:08.717757,2021-05-01 18:18:36.032459,0 days 01:14:27.314702000,256,10000,0.98,0,-0.8251841377403965,0.009647091692298142,big,0.02,16,COMPLETE
276,276,899.5148354,2021-05-01 17:15:11.706474,2021-05-01 17:35:37.557248,0 days 00:20:25.850774000,256,10000,0.98,0,-0.833070862289225,0.009641333722942956,big,0.02,16,PRUNED
277,277,1536.9160060000002,2021-05-01 17:22:29.612586,2021-05-01 18:36:22.743910,0 days 01:13:53.131324000,256,10000,0.98,0,-0.8706235133563969,0.00904734331170233,big,0.02,16,COMPLETE
278,278,-221.25382839999997,2021-05-01 17:35:37.561182,2021-05-01 18:18:05.162105,0 days 00:42:27.600923000,2048,10000,0.98,0,-0.6583150828745216,0.012202562053256814,big,0.02,16,PRUNED
279,279,365.53689560000004,2021-05-01 18:18:05.164791,2021-05-01 18:38:36.182651,0 days 00:20:31.017860000,256,10000,0.98,0,-1.1931497411442138,0.006870435390228413,big,0.02,16,PRUNED
280,280,943.5061614000002,2021-05-01 18:18:36.036138,2021-05-01 19:20:12.403876,0 days 01:01:36.367738000,2048,10000,0.98,0,-1.1614673042399832,0.006836062752418644,big,0.02,16,PRUNED
281,281,1431.1134574000002,2021-05-01 18:36:22.746245,2021-05-01 21:03:13.109271,0 days 02:26:50.363026000,2048,10000,0.98,0,-1.1869031669903003,0.01523181504838469,big,0.02,16,COMPLETE
282,282,528.8542369999999,2021-05-01 18:38:36.186253,2021-05-01 21:02:26.824304,0 days 02:23:50.638051000,2048,10000,0.98,0,-0.8608088728675583,0.008359033123999488,big,0.02,16,COMPLETE
283,283,-153.46297940000002,2021-05-01 19:20:12.406193,2021-05-01 19:36:06.754945,0 days 00:15:54.348752000,16,10000,0.995,0,-0.8670789996846633,0.008125662209302534,big,0.02,16,PRUNED
284,284,18.042447199999998,2021-05-01 19:36:06.757741,2021-05-01 20:18:21.405968,0 days 00:42:14.648227000,2048,10000,0.98,0,-0.9998333317990543,0.0125663783361727,big,0.02,16,PRUNED
285,285,-389.30418899999995,2021-05-01 20:18:21.410066,2021-05-01 20:38:21.307758,0 days 00:19:59.897692000,256,1000000,0.98,0,-0.7130764876832771,0.016784425144527364,big,0.02,16,PRUNED
286,286,836.9445244000001,2021-05-01 20:38:21.316100,2021-05-01 21:19:59.509908,0 days 00:41:38.193808000,2048,10000,0.98,0,-0.9031720387439353,0.0039646679667869325,big,0.02,256,PRUNED
287,287,894.6801134,2021-05-01 21:02:26.827995,2021-05-01 21:22:25.731412,0 days 00:19:58.903417000,256,10000,0.98,0,-0.5745448683128955,0.0049040556861322665,big,0.02,256,PRUNED
288,288,987.6434448,2021-05-01 21:03:13.113808,2021-05-01 21:41:53.991781,0 days 00:38:40.877973000,256,10000,0.98,0,-0.6084257435145504,0.003896878365265669,big,0.02,16,PRUNED
289,289,1476.5374942,2021-05-01 21:19:59.517465,2021-05-01 22:30:10.781128,0 days 01:10:11.263663000,256,10000,0.98,0,-0.5900171395479016,0.005021821720553417,big,0.02,16,COMPLETE
290,290,1397.7847238,2021-05-01 21:22:25.733057,2021-05-01 22:27:43.090349,0 days 01:05:17.357292000,256,10000,0.98,0,-1.0619484947923805,0.001396612581564199,big,0.02,16,COMPLETE
291,291,642.4076620000001,2021-05-01 21:41:53.998162,2021-05-01 21:51:47.032798,0 days 00:09:53.034636000,32,10000,0.98,10000,-0.45906643389014135,0.0019781097127742203,big,0.02,16,PRUNED
292,292,1378.4564022,2021-05-01 21:51:47.033865,2021-05-01 23:03:11.312123,0 days 01:11:24.278258000,256,10000,0.98,0,-1.0190215842321222,0.0014396351663106019,big,0.02,16,COMPLETE
293,293,991.2468546,2021-05-01 22:27:43.096016,2021-05-01 22:57:42.949269,0 days 00:29:59.853253000,256,10000,0.9999,0,-0.30484995114907565,0.002678271317105441,big,0.02,16,PRUNED
294,294,1252.372715,2021-05-01 22:30:10.782905,2021-05-02 00:56:35.768163,0 days 02:26:24.985258000,2048,100000,0.98,0,-0.7169486231431093,0.0026271423116961084,big,0.02,16,COMPLETE
295,295,-387.25642559999994,2021-05-01 22:57:42.950446,2021-05-01 23:39:34.088808,0 days 00:41:51.138362000,2048,100000,0.98,0,-0.9897651604456031,0.4516513368673614,big,0.02,16,PRUNED
296,296,890.8791362,2021-05-01 23:03:11.314938,2021-05-01 23:47:12.076918,0 days 00:44:00.761980000,2048,10000,0.98,0,-0.7240891989530898,0.010240304564271384,big,0.02,16,PRUNED
297,297,-357.5363986,2021-05-01 23:39:34.094139,2021-05-02 00:23:44.750317,0 days 00:44:10.656178000,2048,10000,0.99,0,-0.7546178576647614,0.00995886142034069,big,0.02,32,PRUNED
298,298,-396.28580939999995,2021-05-01 23:47:12.078114,2021-05-02 00:11:04.084837,0 days 00:23:52.006723000,256,10000,0.995,0,-0.3543273089596477,0.006442249114868894,big,0.02,32,PRUNED
299,299,1159.3773602,2021-05-02 00:11:04.086825,2021-05-02 02:03:03.865827,0 days 01:51:59.779002000,2048,10000,0.98,0,-0.7713243840928924,0.003767467124396714,medium,0.02,16,COMPLETE
300,300,929.7292258,2021-05-02 00:23:44.752521,2021-05-02 00:58:33.256780,0 days 00:34:48.504259000,256,10000,0.98,0,-0.4526327968306089,0.003563183345060062,medium,0.02,16,PRUNED
301,301,843.3278211999999,2021-05-02 00:56:35.773880,2021-05-02 01:13:28.744894,0 days 00:16:52.971014000,256,10000,0.98,0,-0.43768782520137145,0.0038388571847911787,medium,0.001,16,PRUNED
302,302,897.1258620000001,2021-05-02 00:58:33.258862,2021-05-02 01:18:49.225965,0 days 00:20:15.967103000,256,10000,0.98,0,-0.9048160525092489,0.0050436068635626155,big,0.001,16,PRUNED
303,303,846.6062902,2021-05-02 01:13:28.751482,2021-05-02 01:37:38.892341,0 days 00:24:10.140859000,256,1000000,0.98,0,-0.5027333494095122,0.005248901995849516,big,0.05,16,PRUNED
304,304,1513.5779479999999,2021-05-02 01:18:49.227755,2021-05-02 04:05:37.078694,0 days 02:46:47.850939000,2048,1000000,0.98,0,-1.2744954773152093,0.0075517908808043314,big,0.05,16,COMPLETE
305,305,1484.4365694,2021-05-02 01:37:38.893890,2021-05-02 04:26:47.044250,0 days 02:49:08.150360000,2048,10000,0.9,0,-1.2864736684423788,0.007778452116691196,big,0.02,16,COMPLETE
306,306,917.448222,2021-05-02 02:03:03.871279,2021-05-02 02:55:16.584771,0 days 00:52:12.713492000,2048,10000,0.9,0,-1.2980548861512575,0.007564441282211776,big,0.05,16,PRUNED
307,307,-388.973725,2021-05-02 02:55:16.588687,2021-05-02 03:21:05.049036,0 days 00:25:48.460349000,256,10000,0.95,0,-0.6472137027504621,0.007011242267928646,big,0.02,16,PRUNED
308,308,1494.0702646,2021-05-02 03:21:05.056711,2021-05-02 04:50:19.487454,0 days 01:29:14.430743000,512,10000,0.98,0,-0.18223173580704166,0.0021021641276628414,big,0.02,16,COMPLETE
309,309,889.0634504,2021-05-02 04:05:37.082750,2021-05-02 04:31:56.515548,0 days 00:26:19.432798000,256,1000000,0.98,0,-0.22823552224484345,0.0018959380057637356,big,0.05,16,PRUNED
310,310,926.9911749999999,2021-05-02 04:26:47.047854,2021-05-02 04:53:56.538061,0 days 00:27:09.490207000,256,1000000,0.98,0,-0.20712106675932979,0.002226618042722577,big,0.05,16,PRUNED
311,311,896.7952756000001,2021-05-02 04:31:56.517585,2021-05-02 04:51:34.369739,0 days 00:19:37.852154000,256,1000000,0.98,0,-0.35990180085307305,0.0029454878867966566,big,0.05,16,PRUNED
312,312,885.5248882,2021-05-02 04:50:19.491521,2021-05-02 05:09:07.335950,0 days 00:18:47.844429000,256,1000000,0.98,0,-0.5351918700071623,0.0030579983197676877,big,0.05,128,PRUNED
313,313,538.6965147999999,2021-05-02 04:51:34.371021,2021-05-02 05:01:26.102026,0 days 00:09:51.731005000,256,1000000,0.999,0,-0.5574826051914265,0.005563281657824452,small,0.05,128,PRUNED
314,314,887.7261398,2021-05-02 04:53:56.547849,2021-05-02 05:12:05.491481,0 days 00:18:08.943632000,2048,1000000,0.999,0,-1.4059561821734277,0.005970300089315645,small,0.05,128,PRUNED
315,315,571.054207,2021-05-02 05:01:26.103237,2021-05-02 05:18:30.619854,0 days 00:17:04.516617000,16,1000000,0.98,0,-1.0846273202682806,0.004271339708887781,big,0.05,64,PRUNED
316,316,904.8575955999999,2021-05-02 05:09:07.336923,2021-05-02 06:04:06.848597,0 days 00:54:59.511674000,2048,1000000,0.995,0,-1.098082731553995,0.004662894177926962,big,0.05,16,PRUNED
317,317,957.8652046,2021-05-02 05:12:05.492394,2021-05-02 06:11:48.181506,0 days 00:59:42.689112000,2048,10000,0.995,0,-1.111393591775309,0.004439049274436635,big,0.05,16,PRUNED
318,318,1418.948055,2021-05-02 05:18:30.621327,2021-05-02 07:37:06.558432,0 days 02:18:35.937105000,2048,10000,0.995,0,-0.6475845422216061,0.004739998475351865,big,0.05,16,COMPLETE
319,319,1365.8324194000002,2021-05-02 06:04:06.853535,2021-05-02 07:07:48.535740,0 days 01:03:41.682205000,256,10000,0.98,10000,-0.6403589911629333,0.00634715846244496,big,0.02,16,COMPLETE
320,320,-389.7152798,2021-05-02 06:11:48.184828,2021-05-02 06:32:41.660857,0 days 00:20:53.476029000,256,10000,0.98,0,-0.6318646810248212,0.011626754942263125,big,0.02,16,PRUNED
321,321,1371.8168428000001,2021-05-02 06:32:41.664012,2021-05-02 07:48:15.341589,0 days 01:15:33.677577000,256,10000,0.98,0,-0.4051649589814925,0.006796732961194179,big,0.02,16,COMPLETE
322,322,-390.1336208,2021-05-02 07:07:48.538034,2021-05-02 07:49:06.219260,0 days 00:41:17.681226000,2048,10000,0.98,0,-0.4320957791970032,0.007848775389193709,big,0.02,16,PRUNED
323,323,-375.5203798,2021-05-02 07:37:06.561572,2021-05-02 07:51:57.065068,0 days 00:14:50.503496000,32,10000,0.98,0,-0.3528517664034529,0.008216826594845112,big,0.02,16,PRUNED
324,324,918.9468788,2021-05-02 07:48:15.345680,2021-05-02 08:08:26.304557,0 days 00:20:10.958877000,256,10000,0.98,0,-0.817872413922983,0.008186537861982835,big,0.02,16,PRUNED
325,325,823.8428784,2021-05-02 07:49:06.220077,2021-05-02 08:04:37.643920,0 days 00:15:31.423843000,32,10000,0.95,0,-0.8759837605518468,0.00328778178461968,big,0.02,16,PRUNED
326,326,918.2146958,2021-05-02 07:51:57.067485,2021-05-02 08:11:20.071949,0 days 00:19:23.004464000,256,10000,0.95,0,-0.8792226860877765,0.0031635623708588427,big,0.02,16,PRUNED
327,327,337.8792274,2021-05-02 08:04:37.645340,2021-05-02 08:23:47.307349,0 days 00:19:09.662009000,256,10000,0.98,0,-1.2306943131104708,1.816934730735013e-05,big,0.05,16,PRUNED
328,328,1427.6997262,2021-05-02 08:08:26.307693,2021-05-02 09:41:57.029975,0 days 01:33:30.722282000,1024,10000,0.98,0,-1.218295729113193,0.002518911248691616,big,0.05,512,COMPLETE
329,329,654.7656387999999,2021-05-02 08:11:20.073528,2021-05-02 08:38:41.430820,0 days 00:27:21.357292000,2048,10000,0.9999,0,-0.5112253288374506,0.0023712686624741018,medium,0.05,16,PRUNED
330,330,895.7451021999999,2021-05-02 08:23:47.309000,2021-05-02 08:51:51.441291,0 days 00:28:04.132291000,2048,10000,0.98,0,-0.3034249797595008,0.0024823378357871177,medium,0.02,512,PRUNED
331,331,-386.37205819999997,2021-05-02 08:38:41.432261,2021-05-02 09:17:00.556371,0 days 00:38:19.124110000,2048,10000,0.98,0,-0.3089302057165826,0.005775380737335286,big,0.02,512,PRUNED
332,332,-377.84009080000004,2021-05-02 08:51:51.443474,2021-05-02 09:13:06.480198,0 days 00:21:15.036724000,256,10000,0.98,0,0.005761090219164489,0.005404354380899501,big,0.01,16,PRUNED
333,333,604.7159962,2021-05-02 09:13:06.482365,2021-05-02 09:20:45.259681,0 days 00:07:38.777316000,1024,10000,0.98,20000,-0.5106183518058932,0.010352306881119615,big,0.02,16,PRUNED
334,334,1498.1582512,2021-05-02 09:17:00.559189,2021-05-02 10:54:22.761141,0 days 01:37:22.201952000,1024,10000,0.98,0,-0.9529715473328878,0.010572934583641053,big,0.02,16,COMPLETE
335,335,1039.278056,2021-05-02 09:20:45.261917,2021-05-02 10:02:39.637294,0 days 00:41:54.375377000,256,10000,0.99,0,-0.7070336072421369,0.003728793277453998,big,0.05,16,PRUNED
336,336,676.3267468,2021-05-02 09:41:57.035314,2021-05-02 10:02:47.307273,0 days 00:20:50.271959000,256,10000,0.98,0,-0.9739979428263771,0.0037730373687637196,big,0.02,16,PRUNED
337,337,-138.13256979999997,2021-05-02 10:02:39.642281,2021-05-02 10:24:40.235918,0 days 00:22:00.593637000,256,10000,0.98,0,-0.9290057369065918,0.012729630474212624,big,0.02,16,PRUNED
338,338,753.413623,2021-05-02 10:02:47.309601,2021-05-02 10:42:36.188634,0 days 00:39:48.879033000,2048,10000,0.98,0,-0.4698871902252076,0.0015627151345289176,big,0.02,16,PRUNED
339,339,795.6488546,2021-05-02 10:24:40.238413,2021-05-02 11:26:07.898072,0 days 01:01:27.659659000,2048,10000,0.98,0,-0.5659014442041735,0.001541981235253411,big,0.02,16,PRUNED
340,340,889.2464008,2021-05-02 10:42:36.191131,2021-05-02 11:04:16.867019,0 days 00:21:40.675888000,256,10000,0.98,0,-0.5979622767775892,0.006352366630257962,big,0.02,16,PRUNED
341,341,-385.56964120000004,2021-05-02 10:54:22.763148,2021-05-02 11:14:52.290668,0 days 00:20:29.527520000,256,10000,0.98,0,0.89462232767232,0.006312591794603026,big,0.02,16,PRUNED
342,342,1080.5040386,2021-05-02 11:04:16.868070,2021-05-02 13:28:32.180855,0 days 02:24:15.312785000,2048,1000000,0.98,0,-0.7604816580001719,0.00494187420833621,big,0.05,16,COMPLETE
343,343,901.6955615999999,2021-05-02 11:14:52.292889,2021-05-02 11:57:04.986395,0 days 00:42:12.693506000,2048,1000000,0.98,0,-0.4081301402466509,0.004852800097623971,big,0.05,128,PRUNED
344,344,1481.408398,2021-05-02 11:26:07.899291,2021-05-02 13:49:01.353182,0 days 02:22:53.453891000,2048,1000000,0.98,0,-0.7513276487869526,0.0046739185771326065,big,0.05,128,COMPLETE
345,345,698.0871072,2021-05-02 11:57:04.987762,2021-05-02 12:19:31.660477,0 days 00:22:26.672715000,256,10000,0.98,0,-0.7853350176522118,0.008915969855337186,big,0.05,16,PRUNED
346,346,1534.4959798,2021-05-02 12:19:31.662905,2021-05-02 13:25:43.627712,0 days 01:06:11.964807000,512,10000,0.98,0,-0.7030314723383554,0.0043353631781005405,medium,0.02,256,COMPLETE
347,347,1027.0339586,2021-05-02 13:25:43.631219,2021-05-02 13:55:31.503875,0 days 00:29:47.872656000,512,10000,0.98,10000,-0.6743383448999357,0.004639376488633269,big,0.02,256,PRUNED
348,348,902.4902672000001,2021-05-02 13:28:32.183771,2021-05-02 13:40:50.394228,0 days 00:12:18.210457000,512,10000,0.98,10000,-0.5146085236390678,0.004170064411087306,medium,0.02,256,PRUNED
349,349,864.9242128000002,2021-05-02 13:40:50.397478,2021-05-02 13:59:39.898616,0 days 00:18:49.501138000,512,10000,0.98,0,-0.6609403176035162,0.007006719126602614,medium,0.02,128,PRUNED
350,350,1118.1852041999998,2021-05-02 13:49:01.355138,2021-05-02 15:16:06.630171,0 days 01:27:05.275033000,2048,10000,0.98,0,-0.6710708047178172,0.00690478473947229,medium,0.02,64,PRUNED
351,351,920.8833996000001,2021-05-02 13:55:31.506252,2021-05-02 14:14:06.305473,0 days 00:18:34.799221000,512,10000,0.98,0,-1.3855481831195784,0.0069927793197614085,medium,0.02,256,PRUNED
352,352,878.0250759999999,2021-05-02 13:59:39.900361,2021-05-02 14:45:36.698004,0 days 00:45:56.797643000,512,10000,0.98,0,-0.29978511617283915,0.00933776811778082,medium,0.02,256,PRUNED
353,353,992.1995325999999,2021-05-02 14:14:06.309955,2021-05-02 14:48:15.442304,0 days 00:34:09.132349000,512,10000,0.98,0,-0.28680347449897625,0.009487087357767881,medium,0.02,256,PRUNED
354,354,998.8343505999999,2021-05-02 14:45:36.702111,2021-05-02 15:19:56.790153,0 days 00:34:20.088042000,512,10000,0.98,0,-0.45664076007303217,0.01419981696348108,medium,0.02,256,PRUNED
355,355,727.7119628,2021-05-02 14:48:15.443656,2021-05-02 15:00:06.270231,0 days 00:11:50.826575000,16,10000,0.95,0,-0.4108523426733653,0.0029772590515156913,medium,0.001,256,PRUNED
356,356,944.4219766,2021-05-02 15:00:06.274455,2021-05-02 15:35:56.453597,0 days 00:35:50.179142000,2048,10000,0.98,0,-0.5487770348464752,0.01388421269794477,medium,0.02,64,PRUNED
357,357,101.54031160000001,2021-05-02 15:16:06.633329,2021-05-02 15:46:05.596485,0 days 00:29:58.963156000,2048,10000,0.98,0,-0.528009082518715,0.013301346575692123,medium,0.05,16,PRUNED
358,358,926.9761489999999,2021-05-02 15:19:56.792147,2021-05-02 16:18:46.343840,0 days 00:58:49.551693000,2048,100000,0.9999,0,-0.5612605931117136,0.0019264307809757281,big,0.05,16,PRUNED
359,359,868.1341325999999,2021-05-02 15:35:56.455161,2021-05-02 16:00:33.079820,0 days 00:24:36.624659000,128,10000,0.98,0,-1.1255759988565215,0.002027920974916595,big,0.05,16,PRUNED
360,360,927.7568504000001,2021-05-02 15:46:05.597671,2021-05-02 16:06:48.440057,0 days 00:20:42.842386000,256,10000,0.9999,0,-1.1698914342756515,0.0019176599667834588,big,0.05,16,PRUNED
361,361,253.83809620000002,2021-05-02 16:00:33.082433,2021-05-02 16:24:25.012946,0 days 00:23:51.930513000,256,100000,0.9999,0,-0.38749634953643164,0.005593739776547314,big,0.02,16,PRUNED
362,362,847.4255393999999,2021-05-02 16:06:48.441977,2021-05-02 16:27:35.701849,0 days 00:20:47.259872000,256,10000,0.995,0,-1.01578593730904,0.005570808748978092,big,0.02,32,PRUNED
363,363,867.5031414000001,2021-05-02 16:18:46.347703,2021-05-02 16:39:52.814257,0 days 00:21:06.466554000,256,10000,0.995,0,-1.0268286620607154,0.003611033099672325,big,0.02,16,PRUNED
364,364,914.4366050000001,2021-05-02 16:24:25.015160,2021-05-02 16:39:49.875900,0 days 00:15:24.860740000,256,10000,0.98,20000,-1.3163902408308312,0.0037302640861383704,big,0.02,16,PRUNED
365,365,1155.813507,2021-05-02 16:27:35.703901,2021-05-02 18:31:39.206623,0 days 02:04:03.502722000,2048,10000,0.98,20000,-1.3346604332589296,0.0037031180473851132,big,0.02,16,COMPLETE
366,366,1445.4761824,2021-05-02 16:39:49.878030,2021-05-02 19:27:12.680717,0 days 02:47:22.802687000,2048,10000,0.98,0,-0.13146261261878067,0.0028869935175906,big,0.02,16,COMPLETE
367,367,1502.05241,2021-05-02 16:39:52.815991,2021-05-02 19:30:12.139918,0 days 02:50:19.323927000,2048,10000,0.98,0,-0.17749851712880949,0.002771719691190018,big,0.01,16,COMPLETE
368,368,923.0615454000001,2021-05-02 18:31:39.212644,2021-05-02 19:25:28.478125,0 days 00:53:49.265481000,2048,10000,0.99,0,-0.8431419433180014,0.002810786826381884,big,0.01,16,PRUNED
369,369,869.7142316,2021-05-02 19:25:28.479243,2021-05-02 19:35:45.001748,0 days 00:10:16.522505000,256,10000,0.98,0,-0.16965071786383512,0.0012079911315355115,small,0.02,16,PRUNED
370,370,-389.5390284,2021-05-02 19:27:12.695717,2021-05-02 19:46:46.802871,0 days 00:19:34.107154000,256,10000,0.98,0,-0.39227741197816296,0.007949277021440375,big,0.02,16,PRUNED
371,371,472.4373379999999,2021-05-02 19:30:12.143693,2021-05-02 19:39:56.665204,0 days 00:09:44.521511000,256,10000,0.98,0,-0.041738994882743796,0.008416130428325265,small,0.05,16,PRUNED
372,372,861.8509296,2021-05-02 19:35:45.004362,2021-05-02 19:56:29.774560,0 days 00:20:44.770198000,256,1000000,0.98,0,-0.08670893347754371,0.0022973766037530123,big,0.05,16,PRUNED
373,373,-141.5853926,2021-05-02 19:39:56.680478,2021-05-02 20:02:04.873324,0 days 00:22:08.192846000,256,1000000,0.9,0,-0.2582935724226042,0.005666245816806818,big,0.01,16,PRUNED
374,374,316.8997438,2021-05-02 19:46:46.804713,2021-05-02 20:35:43.486592,0 days 00:48:56.681879000,2048,1000000,0.9,0,0.07166477147915412,0.0023042203688320973,big,0.01,16,PRUNED
375,375,1501.4488038,2021-05-02 19:56:29.776696,2021-05-02 22:52:10.698704,0 days 02:55:40.922008000,2048,10000,0.9,0,-0.21943371004992285,0.005783117861438818,big,0.01,16,COMPLETE
376,376,1401.9265719999999,2021-05-02 20:02:04.879476,2021-05-02 22:57:42.789062,0 days 02:55:37.909586000,2048,10000,0.95,0,-0.7829025716904582,0.006350111796226021,big,0.05,16,COMPLETE
377,377,-391.5183816,2021-05-02 20:35:43.492687,2021-05-02 21:27:00.672435,0 days 00:51:17.179748000,2048,10000,0.95,0,-0.6299995166177683,0.017767074267658684,big,0.05,16,PRUNED
378,378,849.5841361999999,2021-05-02 21:27:00.674909,2021-05-02 21:53:46.922193,0 days 00:26:46.247284000,256,10000,0.98,0,-0.7684313954111739,0.006669748424079937,big,0.01,16,PRUNED
379,379,907.0424025999998,2021-05-02 21:53:46.925389,2021-05-02 22:18:17.709285,0 days 00:24:30.783896000,512,10000,0.98,0,-0.9218834798291395,0.010899799663157779,medium,0.01,16,PRUNED
380,380,360.7465716,2021-05-02 22:18:17.714985,2021-05-02 22:37:26.477192,0 days 00:19:08.762207000,64,10000,0.999,0,-0.5910278896130604,0.004297871306871046,big,0.01,16,PRUNED
381,381,1448.8084132,2021-05-02 22:37:26.478377,2021-05-03 01:34:01.064936,0 days 02:56:34.586559000,2048,10000,0.98,0,-1.2065573755627887,0.005519964819042066,big,0.01,16,COMPLETE
382,382,-385.1635106,2021-05-02 22:52:10.701490,2021-05-02 23:46:14.006762,0 days 00:54:03.305272000,2048,10000,0.9,0,0.18760500012084053,0.005660137313347597,big,0.01,16,PRUNED
383,383,-385.2119692,2021-05-02 22:57:42.793489,2021-05-02 23:52:13.574613,0 days 00:54:30.781124000,2048,10000,0.9,0,-0.19671893071214452,0.005557435018823766,big,0.01,16,PRUNED
384,384,936.0106585999999,2021-05-02 23:46:14.008828,2021-05-03 00:39:47.700384,0 days 00:53:33.691556000,2048,10000,0.9,0,-1.1523982749962747,0.00840088986127619,big,0.01,16,PRUNED
385,385,1058.3306528,2021-05-02 23:52:13.576210,2021-05-03 02:52:04.466395,0 days 02:59:50.890185000,2048,10000,0.98,0,-1.2190128343468092,0.00791096368853383,big,0.01,16,COMPLETE
386,386,91.4824874,2021-05-03 00:39:47.702325,2021-05-03 01:33:19.372744,0 days 00:53:31.670419000,2048,10000,0.9,0,-0.29030346494852777,0.004572634724293381,big,0.01,256,PRUNED
387,387,-347.42212920000003,2021-05-03 01:33:19.379060,2021-05-03 02:25:18.946827,0 days 00:51:59.567767000,2048,10000,0.9,0,-0.14901120460483652,0.006998666394512002,big,0.01,16,PRUNED
388,388,-386.0995638,2021-05-03 01:34:01.070546,2021-05-03 02:26:23.597322,0 days 00:52:22.526776000,2048,10000,0.9,0,-0.13532792426249152,0.0088452203818282,big,0.01,16,PRUNED
389,389,1268.4931422,2021-05-03 02:25:18.948331,2021-05-03 05:11:56.948583,0 days 02:46:38.000252000,2048,10000,0.98,1000,-1.0271693972477172,0.01071504566038407,big,0.01,16,COMPLETE
390,390,449.77845880000007,2021-05-03 02:26:23.603215,2021-05-03 02:42:23.161967,0 days 00:15:59.558752000,16,10000,0.98,1000,-0.8943171028052215,0.003257375922163771,big,0.01,16,PRUNED
391,391,-369.49680920000003,2021-05-03 02:42:23.167170,2021-05-03 03:32:46.425272,0 days 00:50:23.258102000,2048,10000,0.98,0,-0.6751165356670873,0.010784102554665536,big,0.05,16,PRUNED
392,392,910.9601862,2021-05-03 02:52:04.470531,2021-05-03 03:11:12.832268,0 days 00:19:08.361737000,32,10000,0.98,0,-1.0171304506579424,0.004110020760501947,big,0.05,16,PRUNED
393,393,-377.2777304,2021-05-03 03:11:12.834603,2021-05-03 04:06:19.283274,0 days 00:55:06.448671000,2048,10000,0.98,0,-0.48442270737225257,0.010495086580972078,big,0.001,16,PRUNED
394,394,1481.1348870000002,2021-05-03 03:32:46.427776,2021-05-03 06:15:37.695026,0 days 02:42:51.267250000,2048,10000,0.98,0,-0.505795728661772,0.004686508333384364,big,0.05,16,COMPLETE
395,395,905.2353366,2021-05-03 04:06:19.290064,2021-05-03 04:51:20.910210,0 days 00:45:01.620146000,128,10000,0.98,0,-0.33827095744847857,0.0051312000875476365,big,0.05,32,PRUNED
396,396,-379.07533099999995,2021-05-03 04:51:20.914882,2021-05-03 05:42:34.577097,0 days 00:51:13.662215000,2048,10000,0.98,0,0.01141101557368221,0.11611505615835814,big,0.05,16,PRUNED
397,397,-383.955399,2021-05-03 05:11:56.954952,2021-05-03 05:38:13.867154,0 days 00:26:16.912202000,256,10000,0.995,0,-0.007109856227817124,0.006798995618682534,big,0.05,16,PRUNED
398,398,402.2423776,2021-05-03 05:38:13.869927,2021-05-03 07:05:13.936565,0 days 01:27:00.066638000,512,10000,0.98,0,-0.4761390796042568,0.00418573664080402,big,0.02,16,COMPLETE
399,399,934.6591056,2021-05-03 05:42:34.583262,2021-05-03 06:09:19.880965,0 days 00:26:45.297703000,512,1000000,0.98,0,-0.2563384486648431,0.003197064701457552,big,0.02,16,PRUNED
400,400,700.2709588,2021-05-03 06:09:19.884442,2021-05-03 06:31:18.565701,0 days 00:21:58.681259000,256,10000,0.98,0,-0.7030436130886617,0.00416109174363343,big,0.02,256,PRUNED
401,401,579.4671504,2021-05-03 06:15:37.699994,2021-05-03 06:37:02.296629,0 days 00:21:24.596635000,256,10000,0.98,0,-0.8270994002458727,0.003953766078979162,big,0.02,256,PRUNED
402,402,665.7466360000001,2021-05-03 06:31:18.567768,2021-05-03 07:44:15.661388,0 days 01:12:57.093620000,256,10000,0.98,0,-0.8756543501352483,0.006364211123272268,big,0.02,16,PRUNED
403,403,735.9047764000001,2021-05-03 06:37:02.306609,2021-05-03 09:28:19.502197,0 days 02:51:17.195588000,2048,10000,0.99,0,-1.4647013723544147,0.006726989925504129,big,0.02,16,COMPLETE
404,404,699.0665121999999,2021-05-03 07:05:13.940954,2021-05-03 07:56:53.177923,0 days 00:51:39.236969000,2048,10000,0.99,0,-0.6008308279585308,0.0027980855677017307,big,0.02,16,PRUNED
405,405,465.9288418,2021-05-03 07:44:15.666624,2021-05-03 08:16:55.259593,0 days 00:32:39.592969000,2048,10000,0.99,10000,-0.368513991571996,0.0028805967896383114,big,0.02,16,PRUNED
406,406,887.3229732,2021-05-03 07:56:53.180966,2021-05-03 08:14:53.943074,0 days 00:18:00.762108000,256,10000,0.95,10000,-1.458609343147145,0.008155666641142525,big,0.02,16,PRUNED
407,407,1454.0482244,2021-05-03 08:14:53.946220,2021-05-03 11:04:13.319669,0 days 02:49:19.373449000,2048,10000,0.98,0,-1.6255853616029863,0.005516569100946823,big,0.05,16,COMPLETE
408,408,979.8246195999998,2021-05-03 08:16:55.265254,2021-05-03 08:57:02.948542,0 days 00:40:07.683288000,256,100000,0.98,0,-1.0945874884349103,0.0057289730324243775,big,0.05,16,PRUNED
409,409,1495.3015694,2021-05-03 08:57:02.952130,2021-05-03 11:57:18.804350,0 days 03:00:15.852220000,2048,1000000,0.98,0,-0.7058538983497686,0.007088229434528965,big,0.02,16,COMPLETE
410,410,1386.925774,2021-05-03 09:28:19.509038,2021-05-03 11:01:34.276827,0 days 01:33:14.767789000,256,1000000,0.98,0,-1.6028032929245606,0.00810479601349121,big,0.05,16,COMPLETE
411,411,914.4935343999999,2021-05-03 11:01:34.283740,2021-05-03 11:49:40.026204,0 days 00:48:05.742464000,2048,10000,0.98,0,-0.6754966958057387,0.003411661287257528,big,0.02,16,PRUNED
412,412,1002.9793335999999,2021-05-03 11:04:13.324336,2021-05-03 11:45:15.511563,0 days 00:41:02.187227000,256,10000,0.98,0,-0.6880326474952984,0.0017615002613109046,big,0.02,16,PRUNED
413,413,1526.306537,2021-05-03 11:45:15.514157,2021-05-03 14:33:13.037620,0 days 02:47:57.523463000,2048,10000,0.98,0,-0.5805846552057886,0.003411210736702281,big,0.02,64,COMPLETE
414,414,-376.2000512000001,2021-05-03 11:49:40.027896,2021-05-03 12:08:24.073976,0 days 00:18:44.046080000,64,10000,0.995,0,-0.45578409365224204,0.008995688859607677,big,0.001,64,PRUNED
415,415,101.9421456,2021-05-03 11:57:18.809267,2021-05-03 12:15:10.702007,0 days 00:17:51.892740000,64,10000,0.995,0,-0.238051043711917,0.004876164963004057,big,0.001,64,PRUNED
416,416,728.9876092000001,2021-05-03 12:08:24.082971,2021-05-03 12:33:03.696618,0 days 00:24:39.613647000,256,10000,0.999,0,-0.5579693991369411,0.005106389924524093,big,0.01,16,PRUNED
417,417,-382.8264616,2021-05-03 12:15:10.704239,2021-05-03 12:40:12.053704,0 days 00:25:01.349465000,256,10000,0.999,0,-0.5869666016925096,0.012146706673501224,big,0.01,16,PRUNED
418,418,869.0689122,2021-05-03 12:33:03.700684,2021-05-03 12:55:59.547132,0 days 00:22:55.846448000,256,10000,0.98,1000,-0.33235000264859754,0.003709233518747208,big,0.005,16,PRUNED
419,419,869.9556056000001,2021-05-03 12:40:12.056193,2021-05-03 12:57:29.170707,0 days 00:17:17.114514000,16,10000,0.98,1000,-0.3627894812938583,0.0034905770092235615,big,0.02,16,PRUNED
420,420,932.0577070000002,2021-05-03 12:55:59.554111,2021-05-03 13:47:38.705542,0 days 00:51:39.151431000,2048,10000,0.9,0,-0.7913436582048603,0.002561505813374365,big,0.02,16,PRUNED
421,421,11.284847599999996,2021-05-03 12:57:29.175462,2021-05-03 13:51:25.443007,0 days 00:53:56.267545000,2048,10000,0.9,0,-0.928087248534577,0.002333467391382328,big,0.05,512,PRUNED
422,422,462.03220539999995,2021-05-03 13:47:38.710745,2021-05-03 14:05:41.362413,0 days 00:18:02.651668000,32,10000,0.98,0,-0.9196840969192511,0.006640402050625489,big,0.05,512,PRUNED
423,423,844.9791000000001,2021-05-03 13:51:25.446048,2021-05-03 14:00:57.387084,0 days 00:09:31.941036000,1024,10000,0.98,20000,-1.1035787578599277,0.006716516975934192,big,0.02,16,PRUNED
424,424,-388.0863998,2021-05-03 14:00:57.397306,2021-05-03 14:18:53.532247,0 days 00:17:56.134941000,32,10000,0.98,0,-0.4640174051807742,0.005214896662600748,big,0.05,16,PRUNED
425,425,1467.8382792,2021-05-03 14:05:41.364969,2021-05-03 15:24:43.093013,0 days 01:19:01.728044000,256,10000,0.98,0,-1.3027654575621064,0.009356305810441544,big,0.02,16,COMPLETE
426,426,913.1987898000001,2021-05-03 14:18:53.534788,2021-05-03 14:43:08.122338,0 days 00:24:14.587550000,256,10000,0.95,0,-1.306346126977813,0.009559918835984674,big,0.02,16,PRUNED
427,427,437.48788279999997,2021-05-03 14:33:13.042867,2021-05-03 14:43:59.876230,0 days 00:10:46.833363000,256,1000000,0.98,0,-0.5784224259897852,0.0016407382973372294,small,0.02,32,PRUNED
428,428,898.5490563999999,2021-05-03 14:43:08.125063,2021-05-03 15:04:35.546790,0 days 00:21:27.421727000,256,1000000,0.98,0,-0.5815079127183023,0.001786390450517981,big,0.02,32,PRUNED
429,429,1043.8862954,2021-05-03 14:43:59.877801,2021-05-03 16:08:13.389014,0 days 01:24:13.511213000,128,10000,0.98,0,-0.7809409121013331,0.002722387684748109,big,0.02,64,COMPLETE
430,430,827.4279974000001,2021-05-03 15:04:35.549383,2021-05-03 15:29:00.320141,0 days 00:24:24.770758000,128,10000,0.98,0,-0.7125753733750858,0.002874227695008668,big,0.02,64,PRUNED
431,431,690.4484557999999,2021-05-03 15:24:43.100086,2021-05-03 16:06:26.245627,0 days 00:41:43.145541000,128,10000,0.98,0,-0.7878714986476703,0.002820694514915268,big,0.02,64,PRUNED
432,432,1526.7478282,2021-05-03 15:29:00.322478,2021-05-03 18:24:42.189954,0 days 02:55:41.867476000,2048,10000,0.98,0,-0.8148357552164512,0.0034290021493518894,big,0.02,64,COMPLETE
433,433,1281.4773768,2021-05-03 16:06:26.248303,2021-05-03 18:58:44.185502,0 days 02:52:17.937199000,2048,10000,0.98,0,-0.4796986046914434,0.0037291425852532074,big,0.02,256,COMPLETE
434,434,1413.5243016,2021-05-03 16:08:13.393250,2021-05-03 18:54:09.689238,0 days 02:45:56.295988000,2048,10000,0.98,0,-0.4820411871493372,0.004087938742312454,big,0.02,64,COMPLETE
435,435,1395.9135492,2021-05-03 18:24:42.196757,2021-05-03 20:45:10.954919,0 days 02:20:28.758162000,2048,10000,0.98,0,-1.0214767543217613,0.0012744555646628732,big,0.02,64,COMPLETE
436,436,1566.7326812000001,2021-05-03 18:54:09.692339,2021-05-03 21:16:30.422511,0 days 02:22:20.730172000,2048,10000,0.98,0,-0.9655242596737095,0.001292297868387387,big,0.02,64,COMPLETE
437,437,1033.4554882,2021-05-03 18:58:44.188272,2021-05-03 20:25:14.722606,0 days 01:26:30.534334000,2048,10000,0.98,0,-0.9942453262292466,0.0012513560690626381,big,0.02,64,PRUNED
438,438,910.6741933999999,2021-05-03 20:25:14.729163,2021-05-03 21:08:39.982593,0 days 00:43:25.253430000,2048,10000,0.98,0,-0.863853567845286,0.002134947089356675,big,0.05,64,PRUNED
439,439,1033.9032658,2021-05-03 20:45:10.960284,2021-05-03 23:05:47.161979,0 days 02:20:36.201695000,2048,10000,0.98,0,-0.8676612465228539,0.0019825017923504654,big,0.05,64,COMPLETE
440,440,872.7809646,2021-05-03 21:08:39.984765,2021-05-03 21:52:12.276265,0 days 00:43:32.291500000,2048,100000,0.98,0,-0.8118959277634367,0.0030506490617892485,big,0.005,64,PRUNED
441,441,711.9348797999999,2021-05-03 21:16:30.424990,2021-05-03 21:58:32.503568,0 days 00:42:02.078578000,2048,100000,0.98,0,-0.9336774080306078,0.001647203734580342,big,0.02,64,PRUNED
442,442,734.6788764,2021-05-03 21:52:12.281238,2021-05-03 22:34:38.771119,0 days 00:42:26.489881000,2048,10000,0.98,0,-0.9228007636193296,0.0010925623435769347,big,0.02,64,PRUNED
443,443,906.5484924,2021-05-03 21:58:32.514514,2021-05-03 22:22:03.876422,0 days 00:23:31.361908000,512,10000,0.98,0,-1.140280245732455,0.0009333218206475018,big,0.02,64,PRUNED
444,444,1039.4366472,2021-05-03 22:22:03.882271,2021-05-04 00:28:34.529220,0 days 02:06:30.646949000,2048,10000,0.98,0,-0.9869578392096476,0.004497570719140498,big,0.02,64,PRUNED
445,445,-395.0678888,2021-05-03 22:34:38.772829,2021-05-03 23:18:19.998799,0 days 00:43:41.225970000,2048,10000,0.98,0,-1.089556225832592,0.020836712846322374,big,0.02,64,PRUNED
446,446,391.7891822,2021-05-03 23:05:47.164260,2021-05-03 23:45:25.501192,0 days 00:39:38.336932000,2048,10000,0.98,1000,-1.0720013474672663,0.004384492643165176,big,0.02,64,PRUNED
447,447,680.4122508,2021-05-03 23:18:20.000219,2021-05-03 23:48:28.416520,0 days 00:30:08.416301000,2048,10000,0.95,1000,-1.007819429584973,0.014481691796615135,medium,0.02,64,PRUNED
448,448,899.1435702000001,2021-05-03 23:45:25.503746,2021-05-04 00:21:25.721473,0 days 00:36:00.217727000,2048,1000000,0.95,0,-0.6977513100127711,0.001323115981709151,medium,0.02,64,PRUNED
449,449,1457.7273902000002,2021-05-03 23:48:28.424421,2021-05-04 02:06:44.652568,0 days 02:18:16.228147000,2048,1000000,0.98,0,-0.7565734113557446,0.00449145041366407,big,0.02,64,COMPLETE
450,450,1382.8664506,2021-05-04 00:21:25.723799,2021-05-04 01:40:02.714772,0 days 01:18:36.990973000,512,10000,0.98,0,-0.7462309691072281,0.004497819661326813,big,0.02,64,COMPLETE
451,451,424.0992751999999,2021-05-04 00:28:34.533412,2021-05-04 00:34:14.948750,0 days 00:05:40.415338000,256,10000,0.98,20000,-0.7838887453436133,0.007864935357116402,big,0.02,64,PRUNED
452,452,921.5327181999999,2021-05-04 00:34:14.951624,2021-05-04 01:08:21.610680,0 days 00:34:06.659056000,512,10000,0.98,0,-0.6520870301408722,0.0035901037773451907,big,0.02,256,PRUNED
453,453,1537.6206450000002,2021-05-04 01:08:21.613069,2021-05-04 03:30:04.113324,0 days 02:21:42.500255000,2048,10000,0.98,0,-1.1769898780614882,0.011552668286704372,big,0.02,8,COMPLETE
454,454,-391.3340702,2021-05-04 01:40:02.718766,2021-05-04 02:23:36.951375,0 days 00:43:34.232609000,2048,10000,0.98,0,-0.6270386901674593,0.011682149931643236,big,0.05,64,PRUNED
455,455,-388.805155,2021-05-04 02:06:44.654969,2021-05-04 02:28:18.052615,0 days 00:21:33.397646000,256,10000,0.995,0,-0.606153318259199,0.012025794104067464,big,0.05,64,PRUNED
456,456,855.2044356,2021-05-04 02:23:36.953294,2021-05-04 02:33:16.739744,0 days 00:09:39.786450000,256,10000,0.995,0,-1.2343281609408372,0.00655948043963504,small,0.02,8,PRUNED
457,457,812.2652886,2021-05-04 02:28:18.054185,2021-05-04 02:44:02.203224,0 days 00:15:44.149039000,16,10000,0.98,0,-1.2711269065098285,0.006286621540256021,big,0.02,16,PRUNED
458,458,782.2826987999999,2021-05-04 02:33:16.746675,2021-05-04 03:16:08.842569,0 days 00:42:52.095894000,2048,10000,0.98,0,-1.171707834042412,0.002426624308406217,big,0.02,8,PRUNED
459,459,672.5956318,2021-05-04 02:44:02.205468,2021-05-04 03:26:48.153631,0 days 00:42:45.948163000,2048,10000,0.98,0,-0.899357746594903,0.003297120365246695,big,0.02,128,PRUNED
460,460,994.8145512000001,2021-05-04 03:16:08.847302,2021-05-04 03:58:46.807545,0 days 00:42:37.960243000,256,10000,0.98,0,-0.884415127395585,0.008656797615455136,big,0.05,128,PRUNED
461,461,887.6424772,2021-05-04 03:26:48.155749,2021-05-04 03:55:08.931949,0 days 00:28:20.776200000,1024,10000,0.98,0,-0.8273617818320138,0.0015777119011794434,big,0.05,16,PRUNED
462,462,1479.9016626,2021-05-04 03:30:04.118199,2021-05-04 05:50:36.828771,0 days 02:20:32.710572000,2048,10000,0.98,0,-1.3846548155173701,0.01691359964088233,big,0.02,8,COMPLETE
463,463,759.2830134,2021-05-04 03:55:08.934227,2021-05-04 04:39:11.326374,0 days 00:44:02.392147000,2048,10000,0.9999,0,-1.2075903117111018,0.013588176273060143,big,0.02,8,PRUNED
464,464,-389.29495699999995,2021-05-04 03:58:46.810276,2021-05-04 04:43:29.799893,0 days 00:44:42.989617000,2048,10000,0.98,0,-1.1544976099326516,0.012567346930964871,big,0.02,8,PRUNED
465,465,-392.71459719999996,2021-05-04 04:39:11.329101,2021-05-04 05:21:12.135784,0 days 00:42:00.806683000,2048,10000,0.98,0,-1.0663830824835157,0.016965417013616674,big,0.02,64,PRUNED
466,466,1466.906494,2021-05-04 04:43:29.803162,2021-05-04 06:29:15.634189,0 days 01:45:45.831027000,2048,10000,0.98,0,-1.4080150995197311,0.01517489338331322,medium,0.02,8,COMPLETE
467,467,921.1419867999999,2021-05-04 05:21:12.147165,2021-05-04 05:40:16.303812,0 days 00:19:04.156647000,2048,10000,0.98,10000,-1.3705011959500377,0.009986498969565808,medium,0.02,256,PRUNED
468,468,276.0484312,2021-05-04 05:40:16.310070,2021-05-04 06:22:42.294431,0 days 00:42:25.984361000,2048,10000,0.98,0,-1.0226188551958144,0.00934158316254744,big,0.02,8,PRUNED
469,469,1383.2092776,2021-05-04 05:50:36.833365,2021-05-04 08:15:13.914969,0 days 02:24:37.081604000,2048,10000,0.98,0,-1.0117522114697632,0.007989818688069824,big,0.02,8,COMPLETE
470,470,32.701586,2021-05-04 06:22:42.296008,2021-05-04 07:06:18.282696,0 days 00:43:35.986688000,2048,10000,0.98,0,-0.9576243638991012,0.007747414426751699,big,0.02,8,PRUNED
471,471,854.7039032,2021-05-04 06:29:15.637693,2021-05-04 07:13:27.577667,0 days 00:44:11.939974000,2048,10000,0.98,0,-1.130768999595961,0.0008180789139578756,big,0.005,8,PRUNED
472,472,987.0404688000001,2021-05-04 07:06:18.283967,2021-05-04 08:11:47.363045,0 days 01:05:29.079078000,2048,10000,0.98,0,-1.131770656076365,0.002115096340075746,big,0.005,16,PRUNED
473,473,819.5775788000001,2021-05-04 07:13:27.579868,2021-05-04 07:57:39.368835,0 days 00:44:11.788967000,2048,10000,0.98,0,-1.2475036484456183,0.002184147771404027,big,0.02,16,PRUNED
474,474,,2021-05-04 07:57:39.370274,,,2048,10000,0.98,0,-0.974592396838492,0.0032737335684794736,big,0.02,16,RUNNING
475,475,432.17883680000006,2021-05-04 08:11:47.366202,2021-05-04 09:24:08.350975,0 days 01:12:20.984773000,2048,10000,0.98,0,-0.973760679104092,0.0034019923531629407,big,0.02,8,PRUNED
476,476,,2021-05-04 08:15:13.919631,,,2048,10000,0.98,1000,-0.7071802161594567,0.0033627499142729863,big,0.02,16,RUNNING
477,477,,2021-05-04 09:24:08.357177,,,2048,10000,0.95,1000,-0.696040637918321,3.8319860805010344e-05,big,0.02,16,RUNNING
